date,hy_oas_bps,num_breached,confirmed,detail,sp500_close
2018-01-02,355.0,0.0,False,,2695.81005859375
2018-01-03,348.0,0.0,False,,2713.06005859375
2018-01-04,340.0,0.0,False,,2723.989990234375
2018-01-05,336.0,0.0,False,,2743.14990234375
2018-01-08,335.0,0.0,False,,2747.7099609375
2018-01-09,333.0,0.0,False,,2751.2900390625
2018-01-10,342.0,0.0,False,,2748.22998046875
2018-01-11,340.0,0.0,False,,2767.56005859375
2018-01-12,337.0,0.0,False,,2786.239990234375
2018-01-15,335.0,0.0,False,,
2018-01-16,334.0,0.0,False,,2776.419921875
2018-01-17,334.0,0.0,False,,2802.56005859375
2018-01-18,335.0,0.0,False,,2798.030029296875
2018-01-19,335.0,0.0,False,,2810.300048828125
2018-01-22,332.0,0.0,False,,2832.969970703125
2018-01-23,331.0,0.0,False,,2839.1298828125
2018-01-24,328.0,0.0,False,,2837.5400390625
2018-01-25,328.0,0.0,False,,2839.25
2018-01-26,323.0,0.0,False,,2872.8701171875
2018-01-29,326.0,0.0,False,,2853.530029296875
2018-01-30,333.0,0.0,False,,2822.429931640625
2018-01-31,329.0,0.0,False,,2823.81005859375
2018-02-01,329.0,0.0,False,,2821.97998046875
2018-02-02,336.0,0.0,False,,2762.1298828125
2018-02-05,348.0,1.0,False,5d:+22bps,2648.93994140625
2018-02-06,360.0,2.0,True,"5d:+27bps, 10d:+29bps",2695.139892578125
2018-02-07,346.0,1.0,False,5d:+17bps,2681.659912109375
2018-02-08,359.0,2.0,True,"5d:+30bps, 10d:+31bps",2581.0
2018-02-09,382.0,3.0,True,"5d:+46bps, 10d:+59bps, 20d:+45bps",2619.550048828125
2018-02-12,371.0,2.0,True,"5d:+23bps, 10d:+45bps",2656.0
2018-02-13,378.0,3.0,True,"5d:+18bps, 10d:+45bps, 20d:+44bps",2662.93994140625
2018-02-14,369.0,2.0,True,"5d:+23bps, 10d:+40bps",2698.6298828125
2018-02-15,357.0,1.0,False,10d:+28bps,2731.199951171875
2018-02-16,350.0,0.0,False,,2732.219970703125
2018-02-19,350.0,0.0,False,,
2018-02-20,348.0,0.0,False,,2716.260009765625
2018-02-21,346.0,0.0,False,,2701.330078125
2018-02-22,353.0,0.0,False,,2703.9599609375
2018-02-23,358.0,0.0,False,,2747.300048828125
2018-02-26,350.0,0.0,False,,2779.60009765625
2018-02-27,347.0,0.0,False,,2744.280029296875
2018-02-28,347.0,0.0,False,,2713.830078125
2018-03-01,359.0,0.0,False,,2677.669921875
2018-03-02,365.0,0.0,False,,2691.25
2018-03-05,359.0,0.0,False,,2720.93994140625
2018-03-06,353.0,0.0,False,,2728.1201171875
2018-03-07,356.0,0.0,False,,2726.800048828125
2018-03-08,356.0,0.0,False,,2738.969970703125
2018-03-09,353.0,0.0,False,,2786.570068359375
2018-03-12,355.0,0.0,False,,2783.02001953125
2018-03-13,358.0,0.0,False,,2765.31005859375
2018-03-14,362.0,0.0,False,,2749.47998046875
2018-03-15,362.0,0.0,False,,2747.330078125
2018-03-16,360.0,0.0,False,,2752.010009765625
2018-03-19,365.0,0.0,False,,2712.919921875
2018-03-20,362.0,0.0,False,,2716.93994140625
2018-03-21,360.0,0.0,False,,2711.929931640625
2018-03-22,370.0,0.0,False,,2643.68994140625
2018-03-23,374.0,0.0,False,,2588.260009765625
2018-03-26,373.0,0.0,False,,2658.550048828125
2018-03-27,375.0,0.0,False,,2612.6201171875
2018-03-28,377.0,1.0,False,5d:+17bps,2605.0
2018-03-29,379.0,0.0,False,,2640.8701171875
2018-03-31,372.0,0.0,False,,
2018-04-02,377.0,0.0,False,,2581.8798828125
2018-04-03,371.0,0.0,False,,2614.449951171875
2018-04-04,371.0,0.0,False,,2644.68994140625
2018-04-05,359.0,0.0,False,,2662.840087890625
2018-04-06,364.0,0.0,False,,2604.469970703125
2018-04-09,361.0,0.0,False,,2613.159912109375
2018-04-10,352.0,0.0,False,,2656.8701171875
2018-04-11,350.0,0.0,False,,2642.18994140625
2018-04-12,342.0,0.0,False,,2663.989990234375
2018-04-13,338.0,0.0,False,,2656.300048828125
2018-04-16,333.0,0.0,False,,2677.840087890625
2018-04-17,329.0,0.0,False,,2706.389892578125
2018-04-18,324.0,0.0,False,,2708.639892578125
2018-04-19,333.0,0.0,False,,2693.1298828125
2018-04-20,333.0,0.0,False,,2670.139892578125
2018-04-23,336.0,0.0,False,,2670.2900390625
2018-04-24,341.0,0.0,False,,2634.56005859375
2018-04-25,347.0,1.0,False,5d:+23bps,2639.39990234375
2018-04-26,343.0,0.0,False,,2666.93994140625
2018-04-27,344.0,0.0,False,,2669.909912109375
2018-04-30,346.0,0.0,False,,2648.050048828125
2018-05-01,347.0,0.0,False,,2654.800048828125
2018-05-02,345.0,0.0,False,,2635.669921875
2018-05-03,350.0,0.0,False,,2629.72998046875
2018-05-04,349.0,0.0,False,,2663.419921875
2018-05-07,346.0,0.0,False,,2672.6298828125
2018-05-08,346.0,0.0,False,,2671.919921875
2018-05-09,343.0,0.0,False,,2697.7900390625
2018-05-10,341.0,0.0,False,,2723.070068359375
2018-05-11,340.0,0.0,False,,2727.719970703125
2018-05-14,337.0,0.0,False,,2730.1298828125
2018-05-15,336.0,0.0,False,,2711.449951171875
2018-05-16,337.0,0.0,False,,2722.4599609375
2018-05-17,336.0,0.0,False,,2720.1298828125
2018-05-18,341.0,0.0,False,,2712.969970703125
2018-05-21,340.0,0.0,False,,2733.010009765625
2018-05-22,339.0,0.0,False,,2724.43994140625
2018-05-23,348.0,0.0,False,,2733.2900390625
2018-05-24,349.0,0.0,False,,2727.760009765625
2018-05-25,353.0,0.0,False,,2721.330078125
2018-05-28,353.0,0.0,False,,
2018-05-29,375.0,2.0,True,"5d:+36bps, 10d:+39bps",2689.860107421875
2018-05-30,364.0,2.0,True,"5d:+16bps, 10d:+27bps",2724.010009765625
2018-05-31,363.0,1.0,False,10d:+27bps,2705.27001953125
2018-06-01,355.0,0.0,False,,2734.6201171875
2018-06-04,349.0,0.0,False,,2746.8701171875
2018-06-05,350.0,0.0,False,,2748.800048828125
2018-06-06,344.0,0.0,False,,2772.35009765625
2018-06-07,344.0,0.0,False,,2770.3701171875
2018-06-08,345.0,0.0,False,,2779.030029296875
2018-06-11,339.0,0.0,False,,2782.0
2018-06-12,338.0,0.0,False,,2786.85009765625
2018-06-13,333.0,0.0,False,,2775.6298828125
2018-06-14,331.0,0.0,False,,2782.489990234375
2018-06-15,333.0,0.0,False,,2779.659912109375
2018-06-18,334.0,0.0,False,,2773.75
2018-06-19,340.0,0.0,False,,2762.590087890625
2018-06-20,334.0,0.0,False,,2767.320068359375
2018-06-21,339.0,0.0,False,,2749.760009765625
2018-06-22,339.0,0.0,False,,2754.8798828125
2018-06-25,347.0,0.0,False,,2717.070068359375
2018-06-26,348.0,0.0,False,,2723.06005859375
2018-06-27,356.0,1.0,False,5d:+22bps,2699.6298828125
2018-06-28,364.0,2.0,True,"5d:+25bps, 10d:+33bps",2716.31005859375
2018-06-29,361.0,2.0,True,"5d:+22bps, 10d:+28bps",2718.3701171875
2018-06-30,371.0,2.0,True,"5d:+24bps, 10d:+37bps",
2018-07-02,378.0,2.0,True,"5d:+30bps, 10d:+38bps",2726.7099609375
2018-07-03,377.0,2.0,True,"5d:+21bps, 10d:+43bps",2713.219970703125
2018-07-04,377.0,1.0,False,10d:+38bps,
2018-07-05,374.0,1.0,False,10d:+35bps,2736.610107421875
2018-07-06,374.0,1.0,False,10d:+27bps,2759.820068359375
2018-07-09,365.0,0.0,False,,2784.169921875
2018-07-10,359.0,0.0,False,,2793.840087890625
2018-07-11,366.0,0.0,False,,2774.02001953125
2018-07-12,361.0,0.0,False,,2798.2900390625
2018-07-13,362.0,0.0,False,,2801.31005859375
2018-07-16,359.0,0.0,False,,2798.429931640625
2018-07-17,358.0,0.0,False,,2809.550048828125
2018-07-18,356.0,0.0,False,,2815.6201171875
2018-07-19,359.0,0.0,False,,2804.489990234375
2018-07-20,355.0,0.0,False,,2801.830078125
2018-07-23,350.0,0.0,False,,2806.97998046875
2018-07-24,347.0,0.0,False,,2820.39990234375
2018-07-25,348.0,0.0,False,,2846.070068359375
2018-07-26,342.0,0.0,False,,2837.43994140625
2018-07-27,342.0,0.0,False,,2818.820068359375
2018-07-30,343.0,0.0,False,,2802.60009765625
2018-07-31,346.0,0.0,False,,2816.2900390625
2018-08-01,343.0,0.0,False,,2813.360107421875
2018-08-02,343.0,0.0,False,,2827.219970703125
2018-08-03,343.0,0.0,False,,2840.35009765625
2018-08-06,343.0,0.0,False,,2850.39990234375
2018-08-07,335.0,0.0,False,,2858.449951171875
2018-08-08,337.0,0.0,False,,2857.699951171875
2018-08-09,338.0,0.0,False,,2853.580078125
2018-08-10,350.0,0.0,False,,2833.280029296875
2018-08-13,352.0,0.0,False,,2821.929931640625
2018-08-14,348.0,0.0,False,,2839.9599609375
2018-08-15,355.0,1.0,False,5d:+18bps,2818.3701171875
2018-08-16,349.0,0.0,False,,2840.68994140625
2018-08-17,349.0,0.0,False,,2850.1298828125
2018-08-20,352.0,0.0,False,,2857.050048828125
2018-08-21,348.0,0.0,False,,2862.9599609375
2018-08-22,348.0,0.0,False,,2861.820068359375
2018-08-23,347.0,0.0,False,,2856.97998046875
2018-08-24,346.0,0.0,False,,2874.68994140625
2018-08-27,343.0,0.0,False,,2896.739990234375
2018-08-28,340.0,0.0,False,,2897.52001953125
2018-08-29,339.0,0.0,False,,2914.0400390625
2018-08-30,344.0,0.0,False,,2901.1298828125
2018-08-31,349.0,0.0,False,,2901.52001953125
2018-09-03,349.0,0.0,False,,
2018-09-04,346.0,0.0,False,,2896.719970703125
2018-09-05,349.0,0.0,False,,2888.60009765625
2018-09-06,352.0,0.0,False,,2878.050048828125
2018-09-07,348.0,0.0,False,,2871.679931640625
2018-09-10,346.0,0.0,False,,2877.1298828125
2018-09-11,340.0,0.0,False,,2887.889892578125
2018-09-12,338.0,0.0,False,,2888.919921875
2018-09-13,335.0,0.0,False,,2904.179931640625
2018-09-14,329.0,0.0,False,,2904.97998046875
2018-09-17,329.0,0.0,False,,2888.800048828125
2018-09-18,324.0,0.0,False,,2904.31005859375
2018-09-19,324.0,0.0,False,,2907.949951171875
2018-09-20,325.0,0.0,False,,2930.75
2018-09-21,325.0,0.0,False,,2929.669921875
2018-09-24,328.0,0.0,False,,2919.3701171875
2018-09-25,326.0,0.0,False,,2915.56005859375
2018-09-26,327.0,0.0,False,,2905.969970703125
2018-09-27,325.0,0.0,False,,2914.0
2018-09-28,324.0,0.0,False,,2913.97998046875
2018-09-30,328.0,0.0,False,,
2018-10-01,322.0,0.0,False,,2924.590087890625
2018-10-02,322.0,0.0,False,,2923.429931640625
2018-10-03,316.0,0.0,False,,2925.510009765625
2018-10-04,329.0,0.0,False,,2901.610107421875
2018-10-05,332.0,0.0,False,,2885.570068359375
2018-10-08,332.0,0.0,False,,2884.429931640625
2018-10-09,341.0,1.0,False,5d:+19bps,2880.340087890625
2018-10-10,351.0,2.0,True,"5d:+35bps, 10d:+26bps",2785.679931640625
2018-10-11,358.0,2.0,True,"5d:+29bps, 10d:+34bps",2728.3701171875
2018-10-12,354.0,2.0,True,"5d:+22bps, 10d:+26bps",2767.1298828125
2018-10-15,349.0,2.0,True,"5d:+17bps, 10d:+27bps",2750.7900390625
2018-10-16,345.0,0.0,False,,2809.919921875
2018-10-17,345.0,1.0,False,10d:+29bps,2809.2099609375
2018-10-18,351.0,0.0,False,,2768.780029296875
2018-10-19,351.0,0.0,False,,2767.780029296875
2018-10-22,352.0,0.0,False,,2755.8798828125
2018-10-23,365.0,1.0,False,5d:+20bps,2740.68994140625
2018-10-24,368.0,2.0,True,"5d:+23bps, 20d:+43bps",2656.10009765625
2018-10-25,372.0,2.0,True,"5d:+21bps, 20d:+48bps",2705.570068359375
2018-10-26,385.0,3.0,True,"5d:+34bps, 10d:+31bps, 20d:+57bps",2658.68994140625
2018-10-29,384.0,3.0,True,"5d:+32bps, 10d:+35bps, 20d:+62bps",2641.25
2018-10-30,389.0,3.0,True,"5d:+24bps, 10d:+44bps, 20d:+67bps",2682.6298828125
2018-10-31,381.0,2.0,True,"10d:+36bps, 20d:+65bps",2711.739990234375
2018-11-01,381.0,2.0,True,"10d:+30bps, 20d:+52bps",2740.3701171875
2018-11-02,372.0,1.0,False,20d:+40bps,2723.06005859375
2018-11-05,372.0,1.0,False,20d:+40bps,2738.31005859375
2018-11-06,368.0,0.0,False,,2755.449951171875
2018-11-07,360.0,0.0,False,,2813.889892578125
2018-11-08,357.0,0.0,False,,2806.830078125
2018-11-09,371.0,0.0,False,,2781.010009765625
2018-11-12,371.0,0.0,False,,2726.219970703125
2018-11-13,389.0,2.0,True,"5d:+21bps, 20d:+44bps",2722.179931640625
2018-11-14,399.0,2.0,True,"5d:+39bps, 20d:+54bps",2701.580078125
2018-11-15,411.00000000000006,3.0,True,"5d:+54bps, 10d:+30bps, 20d:+60bps",2730.199951171875
2018-11-16,418.0,3.0,True,"5d:+47bps, 10d:+46bps, 20d:+67bps",2736.27001953125
2018-11-19,425.0,3.0,True,"5d:+54bps, 10d:+53bps, 20d:+73bps",2690.72998046875
2018-11-20,433.0,3.0,True,"5d:+44bps, 10d:+65bps, 20d:+68bps",2641.889892578125
2018-11-21,424.0,3.0,True,"5d:+25bps, 10d:+64bps, 20d:+56bps",2649.929931640625
2018-11-22,425.0,2.0,True,"10d:+68bps, 20d:+53bps",
2018-11-23,429.0,2.0,True,"10d:+58bps, 20d:+44bps",2632.56005859375
2018-11-26,426.0,2.0,True,"10d:+55bps, 20d:+42bps",2673.449951171875
2018-11-27,430.99999999999994,2.0,True,"10d:+42bps, 20d:+42bps",2682.169921875
2018-11-28,425.0,2.0,True,"10d:+26bps, 20d:+44bps",2743.7900390625
2018-11-29,422.0,1.0,False,20d:+41bps,2737.800048828125
2018-11-30,429.0,1.0,False,20d:+57bps,2760.169921875
2018-12-03,420.0,1.0,False,20d:+48bps,2790.3701171875
2018-12-04,429.0,1.0,False,20d:+61bps,2700.06005859375
2018-12-05,429.0,1.0,False,20d:+69bps,
2018-12-06,450.0,3.0,True,"5d:+28bps, 10d:+25bps, 20d:+93bps",2695.949951171875
2018-12-07,450.0,2.0,True,"5d:+21bps, 20d:+79bps",2633.080078125
2018-12-10,455.99999999999994,3.0,True,"5d:+36bps, 10d:+30bps, 20d:+85bps",2637.719970703125
2018-12-11,448.00000000000006,2.0,True,"5d:+19bps, 20d:+59bps",2636.780029296875
2018-12-12,440.00000000000006,1.0,False,20d:+41bps,2651.070068359375
2018-12-13,438.99999999999994,0.0,False,,2650.5400390625
2018-12-14,446.0,0.0,False,,2599.949951171875
2018-12-17,458.0,1.0,False,10d:+38bps,2545.93994140625
2018-12-18,472.0,2.0,True,"5d:+24bps, 10d:+43bps",2546.159912109375
2018-12-19,484.0,3.0,True,"5d:+44bps, 10d:+55bps, 20d:+60bps",2506.9599609375
2018-12-20,511.00000000000006,3.0,True,"5d:+72bps, 10d:+61bps, 20d:+86bps",2467.419921875
2018-12-21,522.0,3.0,True,"5d:+76bps, 10d:+72bps, 20d:+93bps",2416.6201171875
2018-12-24,535.0,3.0,True,"5d:+77bps, 10d:+79bps, 20d:+109bps",2351.10009765625
2018-12-26,537.0,3.0,True,"5d:+65bps, 10d:+89bps, 20d:+106bps",2467.699951171875
2018-12-27,538.0,3.0,True,"5d:+54bps, 10d:+98bps, 20d:+113bps",2488.830078125
2018-12-28,530.0,3.0,True,"5d:+19bps, 10d:+91bps, 20d:+108bps",2485.739990234375
2018-12-31,533.0,2.0,True,"10d:+87bps, 20d:+104bps",2506.85009765625
2019-01-02,535.0,2.0,True,"10d:+77bps, 20d:+115bps",2510.030029296875
2019-01-03,544.0,2.0,True,"10d:+72bps, 20d:+115bps",2447.889892578125
2019-01-04,505.0,1.0,False,20d:+76bps,2531.93994140625
2019-01-07,483.0,0.0,False,,2549.68994140625
2019-01-08,465.00000000000006,0.0,False,,2574.409912109375
2019-01-09,451.99999999999994,0.0,False,,2584.9599609375
2019-01-10,454.0,0.0,False,,2596.639892578125
2019-01-11,455.0,0.0,False,,2596.260009765625
2019-01-14,459.99999999999994,0.0,False,,2582.610107421875
2019-01-15,455.0,0.0,False,,2610.300048828125
2019-01-16,444.00000000000006,0.0,False,,2616.10009765625
2019-01-17,440.00000000000006,0.0,False,,2635.9599609375
2019-01-18,426.99999999999994,0.0,False,,2670.7099609375
2019-01-21,426.99999999999994,0.0,False,,
2019-01-22,441.0,0.0,False,,2632.89990234375
2019-01-23,438.99999999999994,0.0,False,,2638.699951171875
2019-01-24,445.0,0.0,False,,2642.330078125
2019-01-25,434.0,0.0,False,,2664.760009765625
2019-01-28,441.0,0.0,False,,2643.85009765625
2019-01-29,440.00000000000006,0.0,False,,2640.0
2019-01-30,436.00000000000006,0.0,False,,2681.050048828125
2019-01-31,437.0,0.0,False,,2704.10009765625
2019-02-01,429.0,0.0,False,,2706.530029296875
2019-02-04,425.0,0.0,False,,2724.8701171875
2019-02-05,415.00000000000006,0.0,False,,2737.699951171875
2019-02-06,413.0,0.0,False,,2731.610107421875
2019-02-07,429.0,0.0,False,,2706.050048828125
2019-02-08,432.0,0.0,False,,2707.8798828125
2019-02-11,428.0,0.0,False,,2709.800048828125
2019-02-12,417.0,0.0,False,,2744.72998046875
2019-02-13,412.0,0.0,False,,2753.030029296875
2019-02-14,417.0,0.0,False,,2745.72998046875
2019-02-15,412.0,0.0,False,,2775.60009765625
2019-02-18,412.0,0.0,False,,
2019-02-19,411.00000000000006,0.0,False,,2779.760009765625
2019-02-20,408.0,0.0,False,,2784.699951171875
2019-02-21,404.0,0.0,False,,2774.8798828125
2019-02-22,405.0,0.0,False,,2792.669921875
2019-02-25,400.0,0.0,False,,2796.110107421875
2019-02-26,401.0,0.0,False,,2793.89990234375
2019-02-27,394.0,0.0,False,,2792.3798828125
2019-02-28,392.0,0.0,False,,2784.489990234375
2019-03-01,386.0,0.0,False,,2803.68994140625
2019-03-04,390.0,0.0,False,,2792.81005859375
2019-03-05,391.0,0.0,False,,2789.64990234375
2019-03-06,398.0,0.0,False,,2771.449951171875
2019-03-07,409.99999999999994,1.0,False,5d:+18bps,2748.929931640625
2019-03-08,418.0,1.0,False,5d:+32bps,2743.070068359375
2019-03-11,412.0,1.0,False,5d:+22bps,2783.300048828125
2019-03-12,408.0,1.0,False,5d:+17bps,2791.52001953125
2019-03-13,399.0,0.0,False,,2810.919921875
2019-03-14,395.0,0.0,False,,2808.47998046875
2019-03-15,395.0,0.0,False,,2822.47998046875
2019-03-18,395.0,0.0,False,,2832.93994140625
2019-03-19,391.0,0.0,False,,2832.570068359375
2019-03-20,397.0,0.0,False,,2824.22998046875
2019-03-21,392.0,0.0,False,,2854.8798828125
2019-03-22,403.0,0.0,False,,2800.7099609375
2019-03-25,413.0,1.0,False,5d:+18bps,2798.360107421875
2019-03-26,409.0,1.0,False,5d:+18bps,2818.4599609375
2019-03-27,409.0,0.0,False,,2805.3701171875
2019-03-28,408.0,1.0,False,5d:+16bps,2815.43994140625
2019-03-29,399.0,0.0,False,,2834.39990234375
2019-03-31,405.0,0.0,False,,
2019-04-01,394.0,0.0,False,,2867.18994140625
2019-04-02,395.0,0.0,False,,2867.239990234375
2019-04-03,390.0,0.0,False,,2873.39990234375
2019-04-04,390.0,0.0,False,,2879.389892578125
2019-04-05,386.0,0.0,False,,2892.739990234375
2019-04-08,384.0,0.0,False,,2895.77001953125
2019-04-09,386.0,0.0,False,,2878.199951171875
2019-04-10,386.0,0.0,False,,2888.2099609375
2019-04-11,379.0,0.0,False,,2888.320068359375
2019-04-12,368.0,0.0,False,,2907.409912109375
2019-04-15,368.0,0.0,False,,2905.580078125
2019-04-16,364.0,0.0,False,,2907.06005859375
2019-04-17,367.0,0.0,False,,2900.449951171875
2019-04-18,373.0,0.0,False,,2905.030029296875
2019-04-22,373.0,0.0,False,,2907.969970703125
2019-04-23,372.0,0.0,False,,2933.679931640625
2019-04-24,373.0,0.0,False,,2927.25
2019-04-25,375.0,0.0,False,,2926.169921875
2019-04-26,376.0,0.0,False,,2939.8798828125
2019-04-29,373.0,0.0,False,,2943.030029296875
2019-04-30,373.0,0.0,False,,2945.830078125
2019-05-01,371.0,0.0,False,,2923.72998046875
2019-05-02,374.0,0.0,False,,2917.52001953125
2019-05-03,372.0,0.0,False,,2945.639892578125
2019-05-06,382.0,0.0,False,,2932.469970703125
2019-05-07,389.0,1.0,False,5d:+16bps,2884.050048828125
2019-05-08,387.0,1.0,False,5d:+16bps,2879.419921875
2019-05-09,399.0,1.0,False,5d:+25bps,2870.719970703125
2019-05-10,401.0,2.0,True,"5d:+29bps, 10d:+25bps",2881.39990234375
2019-05-13,420.0,3.0,True,"5d:+38bps, 10d:+47bps, 20d:+52bps",2811.8701171875
2019-05-14,413.0,3.0,True,"5d:+24bps, 10d:+40bps, 20d:+45bps",2834.409912109375
2019-05-15,417.0,3.0,True,"5d:+30bps, 10d:+46bps, 20d:+53bps",2850.9599609375
2019-05-16,405.99999999999994,1.0,False,10d:+32bps,2876.320068359375
2019-05-17,407.0,1.0,False,10d:+35bps,2859.530029296875
2019-05-20,405.99999999999994,0.0,False,,2840.22998046875
2019-05-21,399.0,0.0,False,,2864.360107421875
2019-05-22,403.0,0.0,False,,2856.27001953125
2019-05-23,422.0,2.0,True,"5d:+16bps, 20d:+47bps",2822.239990234375
2019-05-24,416.0,1.0,False,20d:+40bps,2826.06005859375
2019-05-27,416.0,1.0,False,20d:+43bps,
2019-05-28,419.00000000000006,2.0,True,"5d:+20bps, 20d:+46bps",2802.389892578125
2019-05-29,436.00000000000006,2.0,True,"5d:+33bps, 20d:+65bps",2783.02001953125
2019-05-30,433.0,2.0,True,"10d:+27bps, 20d:+59bps",2788.860107421875
2019-05-31,459.0,3.0,True,"5d:+43bps, 10d:+52bps, 20d:+87bps",2752.06005859375
2019-06-03,470.0,3.0,True,"5d:+54bps, 10d:+64bps, 20d:+88bps",2744.449951171875
2019-06-04,453.0,3.0,True,"5d:+34bps, 10d:+54bps, 20d:+64bps",2803.27001953125
2019-06-05,448.00000000000006,2.0,True,"10d:+45bps, 20d:+61bps",2826.14990234375
2019-06-06,442.0,1.0,False,20d:+43bps,2843.489990234375
2019-06-07,437.0,0.0,False,,2873.340087890625
2019-06-10,423.00000000000006,0.0,False,,2886.72998046875
2019-06-11,420.0,0.0,False,,2885.719970703125
2019-06-12,422.0,0.0,False,,2879.840087890625
2019-06-13,424.0,0.0,False,,2891.639892578125
2019-06-14,423.00000000000006,0.0,False,,2886.97998046875
2019-06-17,423.00000000000006,0.0,False,,2889.669921875
2019-06-18,413.99999999999994,0.0,False,,2917.75
2019-06-19,416.0,0.0,False,,2926.4599609375
2019-06-20,403.0,0.0,False,,2954.179931640625
2019-06-21,395.0,0.0,False,,2950.4599609375
2019-06-24,400.0,0.0,False,,2945.35009765625
2019-06-25,409.0,0.0,False,,2917.3798828125
2019-06-26,405.0,0.0,False,,2913.780029296875
2019-06-27,409.0,0.0,False,,2924.919921875
2019-06-28,407.0,0.0,False,,2941.760009765625
2019-06-30,407.0,0.0,False,,
2019-07-01,399.0,0.0,False,,2964.330078125
2019-07-02,404.0,0.0,False,,2973.010009765625
2019-07-03,401.99999999999994,0.0,False,,2995.820068359375
2019-07-04,401.99999999999994,0.0,False,,
2019-07-05,398.0,0.0,False,,2990.409912109375
2019-07-08,400.0,0.0,False,,2975.949951171875
2019-07-09,403.0,0.0,False,,2979.6298828125
2019-07-10,401.0,0.0,False,,2993.070068359375
2019-07-11,400.0,0.0,False,,2999.909912109375
2019-07-12,401.99999999999994,0.0,False,,3013.77001953125
2019-07-15,400.0,0.0,False,,3014.300048828125
2019-07-16,396.0,0.0,False,,3004.0400390625
2019-07-17,401.0,0.0,False,,2984.419921875
2019-07-18,411.00000000000006,0.0,False,,2995.110107421875
2019-07-19,407.0,0.0,False,,2976.610107421875
2019-07-22,405.99999999999994,0.0,False,,2985.030029296875
2019-07-23,399.0,0.0,False,,3005.469970703125
2019-07-24,398.0,0.0,False,,3019.56005859375
2019-07-25,393.0,0.0,False,,3003.669921875
2019-07-26,389.0,0.0,False,,3025.860107421875
2019-07-29,393.0,0.0,False,,3020.969970703125
2019-07-30,397.0,0.0,False,,3013.179931640625
2019-07-31,393.0,0.0,False,,2980.3798828125
2019-08-01,409.99999999999994,1.0,False,5d:+17bps,2953.56005859375
2019-08-02,419.00000000000006,1.0,False,5d:+30bps,2932.050048828125
2019-08-05,453.0,3.0,True,"5d:+60bps, 10d:+47bps, 20d:+53bps",2844.739990234375
2019-08-06,446.0,3.0,True,"5d:+49bps, 10d:+47bps, 20d:+43bps",2881.77001953125
2019-08-07,451.99999999999994,3.0,True,"5d:+59bps, 10d:+54bps, 20d:+51bps",2883.97998046875
2019-08-08,430.99999999999994,2.0,True,"5d:+21bps, 10d:+38bps",2938.090087890625
2019-08-09,430.99999999999994,1.0,False,10d:+42bps,2918.64990234375
2019-08-12,440.00000000000006,2.0,True,"10d:+47bps, 20d:+40bps",2882.699951171875
2019-08-13,425.0,1.0,False,10d:+28bps,2926.320068359375
2019-08-14,449.0,2.0,True,"10d:+56bps, 20d:+48bps",2840.60009765625
2019-08-15,451.99999999999994,3.0,True,"5d:+21bps, 10d:+42bps, 20d:+41bps",2847.60009765625
2019-08-16,447.0,3.0,True,"5d:+16bps, 10d:+28bps, 20d:+40bps",2888.679931640625
2019-08-19,436.00000000000006,0.0,False,,2923.64990234375
2019-08-20,434.99999999999994,0.0,False,,2900.510009765625
2019-08-21,421.0,0.0,False,,2924.429931640625
2019-08-22,416.0,0.0,False,,2922.949951171875
2019-08-23,425.0,0.0,False,,2847.110107421875
2019-08-26,422.0,0.0,False,,2878.3798828125
2019-08-27,419.00000000000006,0.0,False,,2869.159912109375
2019-08-28,417.0,0.0,False,,2887.93994140625
2019-08-29,408.0,0.0,False,,2924.580078125
2019-08-30,409.0,0.0,False,,2926.4599609375
2019-08-31,413.0,0.0,False,,
2019-09-02,413.0,0.0,False,,
2019-09-03,423.00000000000006,0.0,False,,2906.27001953125
2019-09-04,423.00000000000006,1.0,False,5d:+15bps,2937.780029296875
2019-09-05,407.0,0.0,False,,2976.0
2019-09-06,405.0,0.0,False,,2978.7099609375
2019-09-09,399.0,0.0,False,,2978.429931640625
2019-09-10,390.0,0.0,False,,2979.389892578125
2019-09-11,392.0,0.0,False,,3000.929931640625
2019-09-12,385.0,0.0,False,,3009.570068359375
2019-09-13,383.0,0.0,False,,3007.389892578125
2019-09-16,380.0,0.0,False,,2997.9599609375
2019-09-17,381.0,0.0,False,,3005.699951171875
2019-09-18,382.0,0.0,False,,3006.72998046875
2019-09-19,377.0,0.0,False,,3006.7900390625
2019-09-20,381.0,0.0,False,,2992.070068359375
2019-09-23,384.0,0.0,False,,2991.780029296875
2019-09-24,390.0,0.0,False,,2966.60009765625
2019-09-25,391.0,0.0,False,,2984.8701171875
2019-09-26,395.0,1.0,False,5d:+18bps,2977.6201171875
2019-09-27,399.0,1.0,False,5d:+18bps,2961.7900390625
2019-09-30,401.99999999999994,1.0,False,5d:+18bps,2976.739990234375
2019-10-01,408.0,2.0,True,"5d:+18bps, 10d:+27bps",2940.25
2019-10-02,428.0,2.0,True,"5d:+37bps, 10d:+46bps",2887.610107421875
2019-10-03,440.00000000000006,2.0,True,"5d:+45bps, 10d:+63bps",2910.6298828125
2019-10-04,438.0,2.0,True,"5d:+39bps, 10d:+57bps",2952.010009765625
2019-10-07,430.99999999999994,2.0,True,"5d:+29bps, 10d:+47bps",2938.7900390625
2019-10-08,438.99999999999994,3.0,True,"5d:+31bps, 10d:+49bps, 20d:+49bps",2893.06005859375
2019-10-09,432.0,2.0,True,"10d:+41bps, 20d:+40bps",2919.39990234375
2019-10-10,426.0,2.0,True,"10d:+31bps, 20d:+41bps",2938.1298828125
2019-10-11,409.99999999999994,0.0,False,,2970.27001953125
2019-10-14,408.0,0.0,False,,2966.14990234375
2019-10-15,401.0,0.0,False,,2995.679931640625
2019-10-16,401.0,0.0,False,,2989.68994140625
2019-10-17,400.0,0.0,False,,2997.949951171875
2019-10-18,401.99999999999994,0.0,False,,2986.199951171875
2019-10-21,398.0,0.0,False,,3006.719970703125
2019-10-22,399.0,0.0,False,,2995.989990234375
2019-10-23,398.0,0.0,False,,3004.52001953125
2019-10-24,396.0,0.0,False,,3010.2900390625
2019-10-25,389.0,0.0,False,,3022.550048828125
2019-10-28,385.0,0.0,False,,3039.419921875
2019-10-29,386.0,0.0,False,,3036.889892578125
2019-10-30,396.0,0.0,False,,3046.77001953125
2019-10-31,415.00000000000006,1.0,False,5d:+19bps,3037.56005859375
2019-11-01,409.0,1.0,False,5d:+20bps,3066.909912109375
2019-11-04,399.0,0.0,False,,3078.27001953125
2019-11-05,397.0,0.0,False,,3074.6201171875
2019-11-06,401.99999999999994,0.0,False,,3076.780029296875
2019-11-07,396.0,0.0,False,,3085.179931640625
2019-11-08,400.0,0.0,False,,3093.080078125
2019-11-11,399.0,0.0,False,,3087.010009765625
2019-11-12,400.0,0.0,False,,3091.840087890625
2019-11-13,405.0,0.0,False,,3094.0400390625
2019-11-14,408.0,0.0,False,,3096.6298828125
2019-11-15,405.99999999999994,0.0,False,,3120.4599609375
2019-11-18,409.0,0.0,False,,3122.030029296875
2019-11-19,412.0,0.0,False,,3120.179931640625
2019-11-20,418.0,0.0,False,,3108.4599609375
2019-11-21,417.0,0.0,False,,3103.5400390625
2019-11-22,413.0,0.0,False,,3110.2900390625
2019-11-25,408.0,0.0,False,,3133.639892578125
2019-11-26,405.0,0.0,False,,3140.52001953125
2019-11-27,399.0,0.0,False,,3153.6298828125
2019-11-29,401.0,0.0,False,,3140.97998046875
2019-11-30,401.99999999999994,0.0,False,,
2019-12-02,403.0,0.0,False,,3113.8701171875
2019-12-03,413.99999999999994,0.0,False,,3093.199951171875
2019-12-04,401.99999999999994,0.0,False,,3112.760009765625
2019-12-05,400.0,0.0,False,,3117.429931640625
2019-12-06,389.0,0.0,False,,3145.909912109375
2019-12-09,388.0,0.0,False,,3135.9599609375
2019-12-10,384.0,0.0,False,,3132.52001953125
2019-12-11,383.0,0.0,False,,3141.6298828125
2019-12-12,370.0,0.0,False,,3168.570068359375
2019-12-13,371.0,0.0,False,,3168.800048828125
2019-12-16,362.0,0.0,False,,3191.449951171875
2019-12-17,358.0,0.0,False,,3192.52001953125
2019-12-18,351.0,0.0,False,,3191.139892578125
2019-12-19,354.0,0.0,False,,3205.3701171875
2019-12-20,353.0,0.0,False,,3221.219970703125
2019-12-23,352.0,0.0,False,,3224.010009765625
2019-12-24,353.0,0.0,False,,3223.3798828125
2019-12-26,353.0,0.0,False,,3239.909912109375
2019-12-27,356.0,0.0,False,,3240.02001953125
2019-12-30,360.0,0.0,False,,3221.2900390625
2019-12-31,360.0,0.0,False,,3230.780029296875
2020-01-02,356.0,0.0,False,,3257.85009765625
2020-01-03,361.0,0.0,False,,3234.85009765625
2020-01-06,357.0,0.0,False,,3246.280029296875
2020-01-07,354.0,0.0,False,,3237.179931640625
2020-01-08,350.0,0.0,False,,3253.050048828125
2020-01-09,349.0,0.0,False,,3274.699951171875
2020-01-10,348.0,0.0,False,,3265.35009765625
2020-01-13,348.0,0.0,False,,3288.1298828125
2020-01-14,345.0,0.0,False,,3283.14990234375
2020-01-15,344.0,0.0,False,,3289.2900390625
2020-01-16,342.0,0.0,False,,3316.81005859375
2020-01-17,339.0,0.0,False,,3329.6201171875
2020-01-20,338.0,0.0,False,,
2020-01-21,347.0,0.0,False,,3320.7900390625
2020-01-22,349.0,0.0,False,,3321.75
2020-01-23,358.0,1.0,False,5d:+16bps,3325.5400390625
2020-01-24,368.0,1.0,False,5d:+29bps,3295.469970703125
2020-01-27,403.0,3.0,True,"5d:+65bps, 10d:+55bps, 20d:+47bps",3243.6298828125
2020-01-28,386.0,2.0,True,"5d:+39bps, 10d:+41bps",3276.239990234375
2020-01-29,383.0,2.0,True,"5d:+34bps, 10d:+39bps",3273.39990234375
2020-01-30,395.0,2.0,True,"5d:+37bps, 10d:+53bps",3283.659912109375
2020-01-31,403.0,3.0,True,"5d:+35bps, 10d:+64bps, 20d:+42bps",3225.52001953125
2020-02-03,397.0,2.0,True,"10d:+59bps, 20d:+40bps",3248.919921875
2020-02-04,385.0,1.0,False,10d:+38bps,3297.590087890625
2020-02-05,375.0,1.0,False,10d:+26bps,3334.68994140625
2020-02-06,370.0,0.0,False,,3345.780029296875
2020-02-07,375.0,0.0,False,,3327.7099609375
2020-02-10,375.0,0.0,False,,3352.090087890625
2020-02-11,365.0,0.0,False,,3357.75
2020-02-12,359.0,0.0,False,,3379.449951171875
2020-02-13,357.0,0.0,False,,3373.93994140625
2020-02-14,356.0,0.0,False,,3380.159912109375
2020-02-17,356.0,0.0,False,,
2020-02-18,361.0,0.0,False,,3370.2900390625
2020-02-19,357.0,0.0,False,,3386.14990234375
2020-02-20,362.0,0.0,False,,3373.22998046875
2020-02-21,366.0,0.0,False,,3337.75
2020-02-24,403.0,2.0,True,"5d:+47bps, 10d:+28bps",3225.889892578125
2020-02-25,418.0,2.0,True,"5d:+57bps, 10d:+53bps",3128.2099609375
2020-02-26,426.99999999999994,3.0,True,"5d:+70bps, 10d:+68bps, 20d:+44bps",3116.389892578125
2020-02-27,462.0,3.0,True,"5d:+100bps, 10d:+105bps, 20d:+67bps",2978.760009765625
2020-02-28,504.0,3.0,True,"5d:+138bps, 10d:+148bps, 20d:+101bps",2954.219970703125
2020-02-29,505.99999999999994,3.0,True,"5d:+103bps, 10d:+150bps, 20d:+109bps",
2020-03-02,497.0,3.0,True,"5d:+79bps, 10d:+136bps, 20d:+112bps",3090.22998046875
2020-03-03,484.0,3.0,True,"5d:+57bps, 10d:+127bps, 20d:+109bps",3003.3701171875
2020-03-04,475.0,2.0,True,"10d:+113bps, 20d:+105bps",3130.1201171875
2020-03-05,505.0,2.0,True,"10d:+139bps, 20d:+130bps",3023.93994140625
2020-03-06,564.0,3.0,True,"5d:+58bps, 10d:+161bps, 20d:+189bps",2972.3701171875
2020-03-09,668.0,3.0,True,"5d:+171bps, 10d:+250bps, 20d:+303bps",2746.56005859375
2020-03-10,638.0,3.0,True,"5d:+154bps, 10d:+211bps, 20d:+279bps",2882.22998046875
2020-03-11,661.0,3.0,True,"5d:+186bps, 10d:+199bps, 20d:+304bps",2741.3798828125
2020-03-12,742.0,3.0,True,"5d:+237bps, 10d:+238bps, 20d:+386bps",2480.639892578125
2020-03-13,731.0,3.0,True,"5d:+167bps, 10d:+225bps, 20d:+375bps",2711.02001953125
2020-03-16,838.0000000000001,3.0,True,"5d:+170bps, 10d:+341bps, 20d:+477bps",2386.1298828125
2020-03-17,841.0,3.0,True,"5d:+203bps, 10d:+357bps, 20d:+484bps",2529.18994140625
2020-03-18,903.9999999999999,3.0,True,"5d:+243bps, 10d:+429bps, 20d:+542bps",2398.10009765625
2020-03-19,982.0,3.0,True,"5d:+240bps, 10d:+477bps, 20d:+616bps",2409.389892578125
2020-03-20,1009.0,3.0,True,"5d:+278bps, 10d:+445bps, 20d:+606bps",2304.919921875
2020-03-23,1087.0,3.0,True,"5d:+249bps, 10d:+419bps, 20d:+669bps",2237.39990234375
2020-03-24,1055.0,3.0,True,"5d:+214bps, 10d:+417bps, 20d:+628bps",2447.330078125
2020-03-25,1011.0,3.0,True,"5d:+107bps, 10d:+350bps, 20d:+549bps",2475.56005859375
2020-03-26,928.9999999999999,2.0,True,"10d:+187bps, 20d:+425bps",2630.070068359375
2020-03-27,899.0,2.0,True,"10d:+168bps, 20d:+393bps",2541.469970703125
2020-03-30,882.0,2.0,True,"10d:+44bps, 20d:+385bps",2626.64990234375
2020-03-31,877.0,2.0,True,"10d:+36bps, 20d:+393bps",2584.590087890625
2020-04-01,911.0,1.0,False,20d:+436bps,2470.5
2020-04-02,917.0,1.0,False,20d:+412bps,2526.89990234375
2020-04-03,943.0,2.0,True,"5d:+44bps, 20d:+379bps",2488.64990234375
2020-04-06,926.0,2.0,True,"5d:+44bps, 20d:+258bps",2663.679931640625
2020-04-07,888.0000000000001,1.0,False,20d:+250bps,2659.409912109375
2020-04-08,881.0,1.0,False,20d:+220bps,2749.97998046875
2020-04-09,796.0,1.0,False,20d:+54bps,2789.820068359375
2020-04-13,770.0,0.0,False,,2761.6298828125
2020-04-14,735.0,0.0,False,,2846.06005859375
2020-04-15,764.0,0.0,False,,2783.360107421875
2020-04-16,758.0,0.0,False,,2799.550048828125
2020-04-17,731.0,0.0,False,,2874.56005859375
2020-04-20,752.0,0.0,False,,2823.159912109375
2020-04-21,790.0,1.0,False,5d:+55bps,2736.56005859375
2020-04-22,785.0,1.0,False,5d:+21bps,2799.31005859375
2020-04-23,787.0,1.0,False,5d:+29bps,2797.800048828125
2020-04-24,802.9999999999999,1.0,False,5d:+72bps,2836.739990234375
2020-04-27,801.0,2.0,True,"5d:+49bps, 10d:+31bps",2878.47998046875
2020-04-28,802.0,1.0,False,10d:+67bps,2863.389892578125
2020-04-29,787.0,0.0,False,,2939.510009765625
2020-04-30,763.0,0.0,False,,2912.429931640625
2020-05-01,770.0,1.0,False,10d:+39bps,2830.7099609375
2020-05-04,779.0,1.0,False,10d:+27bps,2842.739990234375
2020-05-05,760.0,0.0,False,,2868.43994140625
2020-05-06,760.0,0.0,False,,2848.419921875
2020-05-07,760.0,0.0,False,,2881.18994140625
2020-05-08,752.0,0.0,False,,2929.800048828125
2020-05-11,751.0,0.0,False,,2930.18994140625
2020-05-12,742.0,0.0,False,,2870.1201171875
2020-05-13,761.0,0.0,False,,2820.0
2020-05-14,777.0,1.0,False,5d:+17bps,2852.5
2020-05-15,778.0,2.0,True,"5d:+26bps, 20d:+47bps",2863.699951171875
2020-05-18,741.0,0.0,False,,2953.909912109375
2020-05-19,735.0,0.0,False,,2922.93994140625
2020-05-20,716.0,0.0,False,,2971.610107421875
2020-05-21,708.0,0.0,False,,2948.510009765625
2020-05-22,706.0,0.0,False,,2955.449951171875
2020-05-25,706.0,0.0,False,,
2020-05-26,675.0,0.0,False,,2991.77001953125
2020-05-27,670.0,0.0,False,,3036.1298828125
2020-05-28,660.0,0.0,False,,3029.72998046875
2020-05-29,671.0,0.0,False,,3044.31005859375
2020-05-31,654.0,0.0,False,,
2020-06-01,643.0,0.0,False,,3055.72998046875
2020-06-02,618.0,0.0,False,,3080.820068359375
2020-06-03,580.0,0.0,False,,3122.8701171875
2020-06-04,583.0,0.0,False,,3112.35009765625
2020-06-05,550.0,0.0,False,,3193.929931640625
2020-06-08,551.0,0.0,False,,3232.389892578125
2020-06-09,575.0,0.0,False,,3207.179931640625
2020-06-10,592.0,0.0,False,,3190.139892578125
2020-06-11,640.0,1.0,False,5d:+57bps,3002.10009765625
2020-06-12,628.0,1.0,False,5d:+78bps,3041.31005859375
2020-06-15,625.0,1.0,False,5d:+74bps,3066.590087890625
2020-06-16,578.0,0.0,False,,3124.739990234375
2020-06-17,585.0,0.0,False,,3113.489990234375
2020-06-18,601.0,0.0,False,,3115.340087890625
2020-06-19,602.0,1.0,False,10d:+52bps,3097.739990234375
2020-06-22,603.0,1.0,False,10d:+52bps,3117.860107421875
2020-06-23,602.0,2.0,True,"5d:+24bps, 10d:+27bps",3131.2900390625
2020-06-24,623.0,2.0,True,"5d:+38bps, 10d:+31bps",3050.330078125
2020-06-25,630.0,1.0,False,5d:+29bps,3083.760009765625
2020-06-26,641.0,1.0,False,5d:+39bps,3009.050048828125
2020-06-29,652.0,2.0,True,"5d:+49bps, 10d:+27bps",3053.239990234375
2020-06-30,644.0,2.0,True,"5d:+42bps, 10d:+66bps",3100.2900390625
2020-07-01,633.0,2.0,True,"10d:+48bps, 20d:+53bps",3115.860107421875
2020-07-02,617.0,0.0,False,,3130.010009765625
2020-07-03,617.0,1.0,False,20d:+67bps,
2020-07-06,603.0,1.0,False,20d:+52bps,3179.719970703125
2020-07-07,604.0,0.0,False,,3145.320068359375
2020-07-08,606.0,0.0,False,,3169.93994140625
2020-07-09,614.0,0.0,False,,3152.050048828125
2020-07-10,614.0,0.0,False,,3185.0400390625
2020-07-13,601.0,0.0,False,,3155.219970703125
2020-07-14,603.0,0.0,False,,3197.52001953125
2020-07-15,581.0,0.0,False,,3226.56005859375
2020-07-16,576.0,0.0,False,,3215.570068359375
2020-07-17,574.0,0.0,False,,3224.72998046875
2020-07-20,554.0,0.0,False,,3251.840087890625
2020-07-21,533.0,0.0,False,,3257.300048828125
2020-07-22,528.0,0.0,False,,3276.02001953125
2020-07-23,526.0,0.0,False,,3235.659912109375
2020-07-24,529.0,0.0,False,,3215.6298828125
2020-07-27,524.0,0.0,False,,3239.409912109375
2020-07-28,527.0,0.0,False,,3218.43994140625
2020-07-29,515.0,0.0,False,,3258.43994140625
2020-07-30,514.0,0.0,False,,3246.219970703125
2020-07-31,516.0,0.0,False,,3271.1201171875
2020-08-03,508.0,0.0,False,,3294.610107421875
2020-08-04,513.0,0.0,False,,3306.510009765625
2020-08-05,504.0,0.0,False,,3327.77001953125
2020-08-06,505.99999999999994,0.0,False,,3349.159912109375
2020-08-07,505.99999999999994,0.0,False,,3351.280029296875
2020-08-10,509.0,0.0,False,,3360.469970703125
2020-08-11,503.0,0.0,False,,3333.68994140625
2020-08-12,509.99999999999994,0.0,False,,3380.35009765625
2020-08-13,516.0,0.0,False,,3373.429931640625
2020-08-14,526.0,1.0,False,5d:+20bps,3372.85009765625
2020-08-17,529.0,1.0,False,5d:+20bps,3381.989990234375
2020-08-18,526.0,1.0,False,5d:+23bps,3389.780029296875
2020-08-19,525.0,1.0,False,5d:+15bps,3374.85009765625
2020-08-20,528.0,0.0,False,,3385.510009765625
2020-08-21,525.0,0.0,False,,3397.159912109375
2020-08-24,517.0,0.0,False,,3431.280029296875
2020-08-25,507.0,0.0,False,,3443.6201171875
2020-08-26,501.99999999999994,0.0,False,,3478.72998046875
2020-08-27,498.00000000000006,0.0,False,,3484.550048828125
2020-08-28,500.0,0.0,False,,3508.010009765625
2020-08-31,501.99999999999994,0.0,False,,3500.31005859375
2020-09-01,497.0,0.0,False,,3526.64990234375
2020-09-02,493.0,0.0,False,,3580.840087890625
2020-09-03,504.0,0.0,False,,3455.06005859375
2020-09-04,513.0,0.0,False,,3426.9599609375
2020-09-07,513.0,0.0,False,,
2020-09-08,525.0,1.0,False,5d:+28bps,3331.840087890625
2020-09-09,516.0,1.0,False,5d:+23bps,3398.9599609375
2020-09-10,516.0,0.0,False,,3339.18994140625
2020-09-11,521.0,0.0,False,,3340.969970703125
2020-09-14,518.0,0.0,False,,3383.5400390625
2020-09-15,514.0,0.0,False,,3401.199951171875
2020-09-16,507.0,0.0,False,,3385.489990234375
2020-09-17,514.0,0.0,False,,3357.010009765625
2020-09-18,516.0,0.0,False,,3319.469970703125
2020-09-21,542.0,2.0,True,"5d:+24bps, 10d:+29bps",3281.06005859375
2020-09-22,545.0,1.0,False,5d:+31bps,3315.570068359375
2020-09-23,547.0,3.0,True,"5d:+40bps, 10d:+31bps, 20d:+45bps",3236.919921875
2020-09-24,564.0,3.0,True,"5d:+50bps, 10d:+48bps, 20d:+66bps",3246.590087890625
2020-09-25,564.0,3.0,True,"5d:+48bps, 10d:+43bps, 20d:+64bps",3298.4599609375
2020-09-28,552.0,2.0,True,"10d:+34bps, 20d:+50bps",3351.60009765625
2020-09-29,550.0,2.0,True,"10d:+36bps, 20d:+53bps",3335.469970703125
2020-09-30,541.0,2.0,True,"10d:+34bps, 20d:+48bps",3363.0
2020-10-01,536.0,0.0,False,,3380.800048828125
2020-10-02,538.0,0.0,False,,3348.419921875
2020-10-05,518.0,0.0,False,,3408.60009765625
2020-10-06,505.99999999999994,0.0,False,,3360.969970703125
2020-10-07,501.99999999999994,0.0,False,,3419.43994140625
2020-10-08,497.0,0.0,False,,3446.830078125
2020-10-09,492.0,0.0,False,,3477.139892578125
2020-10-12,492.0,0.0,False,,3534.219970703125
2020-10-13,488.0,0.0,False,,3511.929931640625
2020-10-14,488.99999999999994,0.0,False,,3488.669921875
2020-10-15,501.0,0.0,False,,3483.340087890625
2020-10-16,494.00000000000006,0.0,False,,3483.81005859375
2020-10-19,491.0,0.0,False,,3426.919921875
2020-10-20,490.00000000000006,0.0,False,,3443.1201171875
2020-10-21,491.0,0.0,False,,3435.56005859375
2020-10-22,488.0,0.0,False,,3453.489990234375
2020-10-23,487.0,0.0,False,,3465.389892578125
2020-10-26,503.0,0.0,False,,3400.969970703125
2020-10-27,505.99999999999994,1.0,False,5d:+16bps,3390.679931640625
2020-10-28,529.0,2.0,True,"5d:+38bps, 10d:+40bps",3271.030029296875
2020-10-29,525.0,1.0,False,5d:+37bps,3310.110107421875
2020-10-30,525.0,2.0,True,"5d:+38bps, 10d:+31bps",3269.9599609375
2020-10-31,532.0,2.0,True,"5d:+29bps, 10d:+41bps",
2020-11-02,525.0,2.0,True,"5d:+19bps, 10d:+35bps",3310.239990234375
2020-11-03,507.0,0.0,False,,3369.159912109375
2020-11-04,479.0,0.0,False,,3443.43994140625
2020-11-05,459.0,0.0,False,,3510.449951171875
2020-11-06,467.0,0.0,False,,3509.43994140625
2020-11-09,422.0,0.0,False,,3550.5
2020-11-10,437.0,0.0,False,,3545.530029296875
2020-11-11,437.0,0.0,False,,3572.659912109375
2020-11-12,462.0,0.0,False,,3537.010009765625
2020-11-13,463.0,0.0,False,,3585.14990234375
2020-11-16,450.0,1.0,False,5d:+28bps,3626.909912109375
2020-11-17,448.00000000000006,0.0,False,,3609.530029296875
2020-11-18,442.0,0.0,False,,3567.7900390625
2020-11-19,448.00000000000006,0.0,False,,3581.8701171875
2020-11-20,449.0,0.0,False,,3557.5400390625
2020-11-23,443.0,0.0,False,,3577.590087890625
2020-11-24,430.99999999999994,0.0,False,,3635.409912109375
2020-11-25,433.0,0.0,False,,3629.64990234375
2020-11-26,433.0,0.0,False,,
2020-11-27,434.99999999999994,0.0,False,,3638.35009765625
2020-11-30,433.0,0.0,False,,3621.6298828125
2020-12-01,421.0,0.0,False,,3662.449951171875
2020-12-02,417.0,0.0,False,,3669.010009765625
2020-12-03,409.99999999999994,0.0,False,,3666.719970703125
2020-12-04,403.0,0.0,False,,3699.1201171875
2020-12-07,403.0,0.0,False,,3691.9599609375
2020-12-08,403.0,0.0,False,,3702.25
2020-12-09,404.0,0.0,False,,3672.820068359375
2020-12-10,408.0,0.0,False,,3668.10009765625
2020-12-11,413.0,0.0,False,,3663.4599609375
2020-12-14,407.0,0.0,False,,3647.489990234375
2020-12-15,405.99999999999994,0.0,False,,3694.6201171875
2020-12-16,405.99999999999994,0.0,False,,3701.169921875
2020-12-17,405.0,0.0,False,,3722.47998046875
2020-12-18,403.0,0.0,False,,3709.409912109375
2020-12-21,418.0,0.0,False,,3694.919921875
2020-12-22,412.0,0.0,False,,3687.260009765625
2020-12-23,407.0,0.0,False,,3690.010009765625
2020-12-24,405.0,0.0,False,,3703.06005859375
2020-12-28,389.0,0.0,False,,3735.360107421875
2020-12-29,385.0,0.0,False,,3727.0400390625
2020-12-30,387.0,0.0,False,,3732.0400390625
2020-12-31,386.0,0.0,False,,3756.070068359375
2021-01-04,393.0,0.0,False,,3700.64990234375
2021-01-05,392.0,0.0,False,,3726.860107421875
2021-01-06,380.0,0.0,False,,3748.139892578125
2021-01-07,378.0,0.0,False,,3803.7900390625
2021-01-08,376.0,0.0,False,,3824.679931640625
2021-01-11,382.0,0.0,False,,3799.610107421875
2021-01-12,385.0,0.0,False,,3801.18994140625
2021-01-13,382.0,0.0,False,,3809.840087890625
2021-01-14,373.0,0.0,False,,3795.5400390625
2021-01-15,374.0,0.0,False,,3768.25
2021-01-18,373.0,0.0,False,,
2021-01-19,371.0,0.0,False,,3798.909912109375
2021-01-20,367.0,0.0,False,,3851.85009765625
2021-01-21,365.0,0.0,False,,3853.070068359375
2021-01-22,375.0,0.0,False,,3841.469970703125
2021-01-25,375.0,0.0,False,,3855.360107421875
2021-01-26,374.0,0.0,False,,3849.6201171875
2021-01-27,385.0,1.0,False,5d:+18bps,3750.77001953125
2021-01-28,376.0,0.0,False,,3787.3798828125
2021-01-29,379.0,0.0,False,,3714.239990234375
2021-01-31,384.0,0.0,False,,
2021-02-01,383.0,0.0,False,,3773.860107421875
2021-02-02,375.0,0.0,False,,3826.31005859375
2021-02-03,368.0,0.0,False,,3830.169921875
2021-02-04,364.0,0.0,False,,3871.739990234375
2021-02-05,358.0,0.0,False,,3886.830078125
2021-02-08,354.0,0.0,False,,3915.590087890625
2021-02-09,351.0,0.0,False,,3911.22998046875
2021-02-10,351.0,0.0,False,,3909.8798828125
2021-02-11,350.0,0.0,False,,3916.3798828125
2021-02-12,348.0,0.0,False,,3934.830078125
2021-02-15,347.0,0.0,False,,
2021-02-16,341.0,0.0,False,,3932.590087890625
2021-02-17,344.0,0.0,False,,3931.330078125
2021-02-18,346.0,0.0,False,,3913.969970703125
2021-02-19,341.0,0.0,False,,3906.7099609375
2021-02-22,344.0,0.0,False,,3876.5
2021-02-23,347.0,0.0,False,,3881.3701171875
2021-02-24,342.0,0.0,False,,3925.429931640625
2021-02-25,342.0,0.0,False,,3829.340087890625
2021-02-26,352.0,0.0,False,,3811.14990234375
2021-02-28,357.0,0.0,False,,
2021-03-01,354.0,0.0,False,,3901.820068359375
2021-03-02,353.0,0.0,False,,3870.2900390625
2021-03-03,351.0,0.0,False,,3819.719970703125
2021-03-04,354.0,0.0,False,,3768.469970703125
2021-03-05,360.0,0.0,False,,3841.93994140625
2021-03-08,357.0,0.0,False,,3821.35009765625
2021-03-09,362.0,0.0,False,,3875.43994140625
2021-03-10,363.0,0.0,False,,3898.81005859375
2021-03-11,352.0,0.0,False,,3939.340087890625
2021-03-12,355.0,0.0,False,,3943.340087890625
2021-03-15,355.0,0.0,False,,3968.93994140625
2021-03-16,355.0,0.0,False,,3962.7099609375
2021-03-17,365.0,0.0,False,,3974.1201171875
2021-03-18,366.0,0.0,False,,3915.4599609375
2021-03-19,367.0,0.0,False,,3913.10009765625
2021-03-22,,,,,3940.590087890625
2021-03-23,,,,,3910.52001953125
2021-03-24,,,,,3889.139892578125
2021-03-25,,,,,3909.52001953125
2021-03-26,,,,,3974.5400390625
2021-03-29,,,,,3971.090087890625
2021-03-30,,,,,3958.550048828125
2021-03-31,,,,,3972.889892578125
2021-04-01,,,,,4019.8701171875
2021-04-05,,,,,4077.909912109375
2021-04-06,,,,,4073.93994140625
2021-04-07,,,,,4079.949951171875
2021-04-08,,,,,4097.169921875
2021-04-09,,,,,4128.7998046875
2021-04-12,,,,,4127.990234375
2021-04-13,,,,,4141.58984375
2021-04-14,,,,,4124.66015625
2021-04-15,,,,,4170.419921875
2021-04-16,,,,,4185.47021484375
2021-04-19,,,,,4163.259765625
2021-04-20,,,,,4134.93994140625
2021-04-21,,,,,4173.419921875
2021-04-22,,,,,4134.97998046875
2021-04-23,,,,,4180.169921875
2021-04-26,,,,,4187.6201171875
2021-04-27,,,,,4186.72021484375
2021-04-28,,,,,4183.18017578125
2021-04-29,,,,,4211.47021484375
2021-04-30,,,,,4181.169921875
2021-05-03,,,,,4192.66015625
2021-05-04,,,,,4164.66015625
2021-05-05,,,,,4167.58984375
2021-05-06,,,,,4201.6201171875
2021-05-07,,,,,4232.60009765625
2021-05-10,,,,,4188.43017578125
2021-05-11,,,,,4152.10009765625
2021-05-12,,,,,4063.0400390625
2021-05-13,,,,,4112.5
2021-05-14,,,,,4173.85009765625
2021-05-17,,,,,4163.2900390625
2021-05-18,,,,,4127.830078125
2021-05-19,,,,,4115.68017578125
2021-05-20,,,,,4159.1201171875
2021-05-21,,,,,4155.85986328125
2021-05-24,,,,,4197.0498046875
2021-05-25,,,,,4188.1298828125
2021-05-26,,,,,4195.990234375
2021-05-27,,,,,4200.8798828125
2021-05-28,,,,,4204.10986328125
2021-06-01,,,,,4202.0400390625
2021-06-02,,,,,4208.1201171875
2021-06-03,,,,,4192.85009765625
2021-06-04,,,,,4229.89013671875
2021-06-07,,,,,4226.52001953125
2021-06-08,,,,,4227.259765625
2021-06-09,,,,,4219.5498046875
2021-06-10,,,,,4239.18017578125
2021-06-11,,,,,4247.43994140625
2021-06-14,,,,,4255.14990234375
2021-06-15,,,,,4246.58984375
2021-06-16,,,,,4223.7001953125
2021-06-17,,,,,4221.85986328125
2021-06-18,,,,,4166.4501953125
2021-06-21,,,,,4224.7900390625
2021-06-22,,,,,4246.43994140625
2021-06-23,,,,,4241.83984375
2021-06-24,,,,,4266.490234375
2021-06-25,,,,,4280.7001953125
2021-06-28,,,,,4290.60986328125
2021-06-29,,,,,4291.7998046875
2021-06-30,,,,,4297.5
2021-07-01,,,,,4319.93994140625
2021-07-02,,,,,4352.33984375
2021-07-06,,,,,4343.5400390625
2021-07-07,,,,,4358.1298828125
2021-07-08,,,,,4320.81982421875
2021-07-09,,,,,4369.5498046875
2021-07-12,,,,,4384.6298828125
2021-07-13,,,,,4369.2099609375
2021-07-14,,,,,4374.2998046875
2021-07-15,,,,,4360.02978515625
2021-07-16,,,,,4327.16015625
2021-07-19,,,,,4258.490234375
2021-07-20,,,,,4323.06005859375
2021-07-21,,,,,4358.68994140625
2021-07-22,,,,,4367.47998046875
2021-07-23,,,,,4411.7900390625
2021-07-26,,,,,4422.2998046875
2021-07-27,,,,,4401.4599609375
2021-07-28,,,,,4400.64013671875
2021-07-29,,,,,4419.14990234375
2021-07-30,,,,,4395.259765625
2021-08-02,,,,,4387.16015625
2021-08-03,,,,,4423.14990234375
2021-08-04,,,,,4402.66015625
2021-08-05,,,,,4429.10009765625
2021-08-06,,,,,4436.52001953125
2021-08-09,,,,,4432.35009765625
2021-08-10,,,,,4436.75
2021-08-11,,,,,4442.41015625
2021-08-12,,,,,4460.830078125
2021-08-13,,,,,4468.0
2021-08-16,,,,,4479.7099609375
2021-08-17,,,,,4448.080078125
2021-08-18,,,,,4400.27001953125
2021-08-19,,,,,4405.7998046875
2021-08-20,,,,,4441.669921875
2021-08-23,,,,,4479.52978515625
2021-08-24,,,,,4486.22998046875
2021-08-25,,,,,4496.18994140625
2021-08-26,,,,,4470.0
2021-08-27,,,,,4509.3701171875
2021-08-30,,,,,4528.7900390625
2021-08-31,,,,,4522.68017578125
2021-09-01,,,,,4524.08984375
2021-09-02,,,,,4536.9501953125
2021-09-03,,,,,4535.43017578125
2021-09-07,,,,,4520.02978515625
2021-09-08,,,,,4514.06982421875
2021-09-09,,,,,4493.27978515625
2021-09-10,,,,,4458.580078125
2021-09-13,,,,,4468.72998046875
2021-09-14,,,,,4443.0498046875
2021-09-15,,,,,4480.7001953125
2021-09-16,,,,,4473.75
2021-09-17,,,,,4432.990234375
2021-09-20,,,,,4357.72998046875
2021-09-21,,,,,4354.18994140625
2021-09-22,,,,,4395.64013671875
2021-09-23,,,,,4448.97998046875
2021-09-24,,,,,4455.47998046875
2021-09-27,,,,,4443.10986328125
2021-09-28,,,,,4352.6298828125
2021-09-29,,,,,4359.4599609375
2021-09-30,,,,,4307.5400390625
2021-10-01,,,,,4357.0400390625
2021-10-04,,,,,4300.4599609375
2021-10-05,,,,,4345.72021484375
2021-10-06,,,,,4363.5498046875
2021-10-07,,,,,4399.759765625
2021-10-08,,,,,4391.33984375
2021-10-11,,,,,4361.18994140625
2021-10-12,,,,,4350.64990234375
2021-10-13,,,,,4363.7998046875
2021-10-14,,,,,4438.259765625
2021-10-15,,,,,4471.3701171875
2021-10-18,,,,,4486.4599609375
2021-10-19,,,,,4519.6298828125
2021-10-20,,,,,4536.18994140625
2021-10-21,,,,,4549.77978515625
2021-10-22,,,,,4544.89990234375
2021-10-25,,,,,4566.47998046875
2021-10-26,,,,,4574.7900390625
2021-10-27,,,,,4551.68017578125
2021-10-28,,,,,4596.419921875
2021-10-29,,,,,4605.3798828125
2021-11-01,,,,,4613.669921875
2021-11-02,,,,,4630.64990234375
2021-11-03,,,,,4660.56982421875
2021-11-04,,,,,4680.06005859375
2021-11-05,,,,,4697.52978515625
2021-11-08,,,,,4701.7001953125
2021-11-09,,,,,4685.25
2021-11-10,,,,,4646.7099609375
2021-11-11,,,,,4649.27001953125
2021-11-12,,,,,4682.85009765625
2021-11-15,,,,,4682.7998046875
2021-11-16,,,,,4700.89990234375
2021-11-17,,,,,4688.669921875
2021-11-18,,,,,4704.5400390625
2021-11-19,,,,,4697.9599609375
2021-11-22,,,,,4682.93994140625
2021-11-23,,,,,4690.7001953125
2021-11-24,,,,,4701.4599609375
2021-11-26,,,,,4594.6201171875
2021-11-29,,,,,4655.27001953125
2021-11-30,,,,,4567.0
2021-12-01,,,,,4513.0400390625
2021-12-02,,,,,4577.10009765625
2021-12-03,,,,,4538.43017578125
2021-12-06,,,,,4591.669921875
2021-12-07,,,,,4686.75
2021-12-08,,,,,4701.2099609375
2021-12-09,,,,,4667.4501953125
2021-12-10,,,,,4712.02001953125
2021-12-13,,,,,4668.97021484375
2021-12-14,,,,,4634.08984375
2021-12-15,,,,,4709.85009765625
2021-12-16,,,,,4668.669921875
2021-12-17,,,,,4620.64013671875
2021-12-20,,,,,4568.02001953125
2021-12-21,,,,,4649.22998046875
2021-12-22,,,,,4696.56005859375
2021-12-23,,,,,4725.7900390625
2021-12-27,,,,,4791.18994140625
2021-12-28,,,,,4786.35009765625
2021-12-29,,,,,4793.06005859375
2021-12-30,,,,,4778.72998046875
2021-12-31,,,,,4766.18017578125
2022-01-03,,,,,4796.56005859375
2022-01-04,,,,,4793.5400390625
2022-01-05,,,,,4700.580078125
2022-01-06,,,,,4696.0498046875
2022-01-07,,,,,4677.02978515625
2022-01-10,,,,,4670.2900390625
2022-01-11,,,,,4713.06982421875
2022-01-12,,,,,4726.35009765625
2022-01-13,,,,,4659.02978515625
2022-01-14,,,,,4662.85009765625
2022-01-18,,,,,4577.10986328125
2022-01-19,,,,,4532.759765625
2022-01-20,,,,,4482.72998046875
2022-01-21,,,,,4397.93994140625
2022-01-24,,,,,4410.1298828125
2022-01-25,,,,,4356.4501953125
2022-01-26,,,,,4349.93017578125
2022-01-27,,,,,4326.509765625
2022-01-28,,,,,4431.85009765625
2022-01-31,,,,,4515.5498046875
2022-02-01,,,,,4546.5400390625
2022-02-02,,,,,4589.3798828125
2022-02-03,,,,,4477.43994140625
2022-02-04,,,,,4500.52978515625
2022-02-07,,,,,4483.8701171875
2022-02-08,,,,,4521.5400390625
2022-02-09,,,,,4587.18017578125
2022-02-10,,,,,4504.080078125
2022-02-11,,,,,4418.64013671875
2022-02-14,,,,,4401.669921875
2022-02-15,,,,,4471.06982421875
2022-02-16,,,,,4475.009765625
2022-02-17,,,,,4380.259765625
2022-02-18,,,,,4348.8701171875
2022-02-22,,,,,4304.759765625
2022-02-23,,,,,4225.5
2022-02-24,,,,,4288.7001953125
2022-02-25,,,,,4384.64990234375
2022-02-28,,,,,4373.93994140625
2022-03-01,,,,,4306.259765625
2022-03-02,,,,,4386.5400390625
2022-03-03,,,,,4363.490234375
2022-03-04,,,,,4328.8701171875
2022-03-07,,,,,4201.08984375
2022-03-08,,,,,4170.7001953125
2022-03-09,,,,,4277.8798828125
2022-03-10,,,,,4259.52001953125
2022-03-11,,,,,4204.31005859375
2022-03-14,,,,,4173.10986328125
2022-03-15,,,,,4262.4501953125
2022-03-16,,,,,4357.85986328125
2022-03-17,,,,,4411.669921875
2022-03-18,,,,,4463.1201171875
2022-03-21,,,,,4461.18017578125
2022-03-22,,,,,4511.60986328125
2022-03-23,,,,,4456.240234375
2022-03-24,,,,,4520.16015625
2022-03-25,,,,,4543.06005859375
2022-03-28,,,,,4575.52001953125
2022-03-29,,,,,4631.60009765625
2022-03-30,,,,,4602.4501953125
2022-03-31,,,,,4530.41015625
2022-04-01,,,,,4545.85986328125
2022-04-04,,,,,4582.64013671875
2022-04-05,,,,,4525.1201171875
2022-04-06,,,,,4481.14990234375
2022-04-07,,,,,4500.2099609375
2022-04-08,,,,,4488.27978515625
2022-04-11,,,,,4412.52978515625
2022-04-12,,,,,4397.4501953125
2022-04-13,,,,,4446.58984375
2022-04-14,,,,,4392.58984375
2022-04-18,,,,,4391.68994140625
2022-04-19,,,,,4462.2099609375
2022-04-20,,,,,4459.4501953125
2022-04-21,,,,,4393.66015625
2022-04-22,,,,,4271.77978515625
2022-04-25,,,,,4296.1201171875
2022-04-26,,,,,4175.2001953125
2022-04-27,,,,,4183.9599609375
2022-04-28,,,,,4287.5
2022-04-29,,,,,4131.93017578125
2022-05-02,,,,,4155.3798828125
2022-05-03,,,,,4175.47998046875
2022-05-04,,,,,4300.169921875
2022-05-05,,,,,4146.8701171875
2022-05-06,,,,,4123.33984375
2022-05-09,,,,,3991.239990234375
2022-05-10,,,,,4001.050048828125
2022-05-11,,,,,3935.179931640625
2022-05-12,,,,,3930.080078125
2022-05-13,,,,,4023.889892578125
2022-05-16,,,,,4008.010009765625
2022-05-17,,,,,4088.85009765625
2022-05-18,,,,,3923.679931640625
2022-05-19,,,,,3900.7900390625
2022-05-20,,,,,3901.360107421875
2022-05-23,,,,,3973.75
2022-05-24,,,,,3941.47998046875
2022-05-25,,,,,3978.72998046875
2022-05-26,,,,,4057.840087890625
2022-05-27,,,,,4158.240234375
2022-05-31,,,,,4132.14990234375
2022-06-01,,,,,4101.22998046875
2022-06-02,,,,,4176.81982421875
2022-06-03,,,,,4108.5400390625
2022-06-06,,,,,4121.43017578125
2022-06-07,,,,,4160.68017578125
2022-06-08,,,,,4115.77001953125
2022-06-09,,,,,4017.820068359375
2022-06-10,,,,,3900.860107421875
2022-06-13,,,,,3749.6298828125
2022-06-14,,,,,3735.47998046875
2022-06-15,,,,,3789.989990234375
2022-06-16,,,,,3666.77001953125
2022-06-17,,,,,3674.840087890625
2022-06-21,,,,,3764.7900390625
2022-06-22,,,,,3759.889892578125
2022-06-23,,,,,3795.72998046875
2022-06-24,,,,,3911.739990234375
2022-06-27,,,,,3900.110107421875
2022-06-28,,,,,3821.550048828125
2022-06-29,,,,,3818.830078125
2022-06-30,,,,,3785.3798828125
2022-07-01,,,,,3825.330078125
2022-07-05,,,,,3831.389892578125
2022-07-06,,,,,3845.080078125
2022-07-07,,,,,3902.6201171875
2022-07-08,,,,,3899.3798828125
2022-07-11,,,,,3854.429931640625
2022-07-12,,,,,3818.800048828125
2022-07-13,,,,,3801.780029296875
2022-07-14,,,,,3790.3798828125
2022-07-15,,,,,3863.159912109375
2022-07-18,,,,,3830.85009765625
2022-07-19,,,,,3936.68994140625
2022-07-20,,,,,3959.89990234375
2022-07-21,,,,,3998.949951171875
2022-07-22,,,,,3961.6298828125
2022-07-25,,,,,3966.840087890625
2022-07-26,,,,,3921.050048828125
2022-07-27,,,,,4023.610107421875
2022-07-28,,,,,4072.429931640625
2022-07-29,,,,,4130.2900390625
2022-08-01,,,,,4118.6298828125
2022-08-02,,,,,4091.18994140625
2022-08-03,,,,,4155.169921875
2022-08-04,,,,,4151.93994140625
2022-08-05,,,,,4145.18994140625
2022-08-08,,,,,4140.06005859375
2022-08-09,,,,,4122.47021484375
2022-08-10,,,,,4210.240234375
2022-08-11,,,,,4207.27001953125
2022-08-12,,,,,4280.14990234375
2022-08-15,,,,,4297.14013671875
2022-08-16,,,,,4305.2001953125
2022-08-17,,,,,4274.0400390625
2022-08-18,,,,,4283.740234375
2022-08-19,,,,,4228.47998046875
2022-08-22,,,,,4137.990234375
2022-08-23,,,,,4128.72998046875
2022-08-24,,,,,4140.77001953125
2022-08-25,,,,,4199.1201171875
2022-08-26,,,,,4057.659912109375
2022-08-29,,,,,4030.610107421875
2022-08-30,,,,,3986.159912109375
2022-08-31,,,,,3955.0
2022-09-01,,,,,3966.85009765625
2022-09-02,,,,,3924.260009765625
2022-09-06,,,,,3908.18994140625
2022-09-07,,,,,3979.8701171875
2022-09-08,,,,,4006.179931640625
2022-09-09,,,,,4067.360107421875
2022-09-12,,,,,4110.41015625
2022-09-13,,,,,3932.68994140625
2022-09-14,,,,,3946.010009765625
2022-09-15,,,,,3901.35009765625
2022-09-16,,,,,3873.330078125
2022-09-19,,,,,3899.889892578125
2022-09-20,,,,,3855.929931640625
2022-09-21,,,,,3789.929931640625
2022-09-22,,,,,3757.989990234375
2022-09-23,,,,,3693.22998046875
2022-09-26,,,,,3655.0400390625
2022-09-27,,,,,3647.2900390625
2022-09-28,,,,,3719.0400390625
2022-09-29,,,,,3640.469970703125
2022-09-30,,,,,3585.6201171875
2022-10-03,,,,,3678.429931640625
2022-10-04,,,,,3790.929931640625
2022-10-05,,,,,3783.280029296875
2022-10-06,,,,,3744.52001953125
2022-10-07,,,,,3639.659912109375
2022-10-10,,,,,3612.389892578125
2022-10-11,,,,,3588.840087890625
2022-10-12,,,,,3577.030029296875
2022-10-13,,,,,3669.909912109375
2022-10-14,,,,,3583.070068359375
2022-10-17,,,,,3677.949951171875
2022-10-18,,,,,3719.97998046875
2022-10-19,,,,,3695.159912109375
2022-10-20,,,,,3665.780029296875
2022-10-21,,,,,3752.75
2022-10-24,,,,,3797.340087890625
2022-10-25,,,,,3859.110107421875
2022-10-26,,,,,3830.60009765625
2022-10-27,,,,,3807.300048828125
2022-10-28,,,,,3901.06005859375
2022-10-31,,,,,3871.97998046875
2022-11-01,,,,,3856.10009765625
2022-11-02,,,,,3759.68994140625
2022-11-03,,,,,3719.889892578125
2022-11-04,,,,,3770.550048828125
2022-11-07,,,,,3806.800048828125
2022-11-08,,,,,3828.110107421875
2022-11-09,,,,,3748.570068359375
2022-11-10,,,,,3956.3701171875
2022-11-11,,,,,3992.929931640625
2022-11-14,,,,,3957.25
2022-11-15,,,,,3991.72998046875
2022-11-16,,,,,3958.7900390625
2022-11-17,,,,,3946.56005859375
2022-11-18,,,,,3965.340087890625
2022-11-21,,,,,3949.93994140625
2022-11-22,,,,,4003.580078125
2022-11-23,,,,,4027.260009765625
2022-11-25,,,,,4026.1201171875
2022-11-28,,,,,3963.93994140625
2022-11-29,,,,,3957.6298828125
2022-11-30,,,,,4080.110107421875
2022-12-01,,,,,4076.570068359375
2022-12-02,,,,,4071.699951171875
2022-12-05,,,,,3998.840087890625
2022-12-06,,,,,3941.260009765625
2022-12-07,,,,,3933.919921875
2022-12-08,,,,,3963.510009765625
2022-12-09,,,,,3934.3798828125
2022-12-12,,,,,3990.56005859375
2022-12-13,,,,,4019.64990234375
2022-12-14,,,,,3995.320068359375
2022-12-15,,,,,3895.75
2022-12-16,,,,,3852.360107421875
2022-12-19,,,,,3817.659912109375
2022-12-20,,,,,3821.6201171875
2022-12-21,,,,,3878.43994140625
2022-12-22,,,,,3822.389892578125
2022-12-23,,,,,3844.820068359375
2022-12-27,,,,,3829.25
2022-12-28,,,,,3783.219970703125
2022-12-29,,,,,3849.280029296875
2022-12-30,,,,,3839.5
2023-01-03,,,,,3824.139892578125
2023-01-04,,,,,3852.969970703125
2023-01-05,,,,,3808.10009765625
2023-01-06,,,,,3895.080078125
2023-01-09,,,,,3892.090087890625
2023-01-10,,,,,3919.25
2023-01-11,,,,,3969.610107421875
2023-01-12,,,,,3983.169921875
2023-01-13,,,,,3999.090087890625
2023-01-17,,,,,3990.969970703125
2023-01-18,,,,,3928.860107421875
2023-01-19,,,,,3898.85009765625
2023-01-20,,,,,3972.610107421875
2023-01-23,,,,,4019.81005859375
2023-01-24,,,,,4016.949951171875
2023-01-25,,,,,4016.219970703125
2023-01-26,,,,,4060.429931640625
2023-01-27,,,,,4070.56005859375
2023-01-30,,,,,4017.77001953125
2023-01-31,,,,,4076.60009765625
2023-02-01,,,,,4119.2099609375
2023-02-02,,,,,4179.759765625
2023-02-03,,,,,4136.47998046875
2023-02-06,,,,,4111.080078125
2023-02-07,,,,,4164.0
2023-02-08,,,,,4117.85986328125
2023-02-09,,,,,4081.5
2023-02-10,,,,,4090.4599609375
2023-02-13,,,,,4137.2900390625
2023-02-14,,,,,4136.1298828125
2023-02-15,,,,,4147.60009765625
2023-02-16,,,,,4090.409912109375
2023-02-17,,,,,4079.090087890625
2023-02-21,,,,,3997.340087890625
2023-02-22,,,,,3991.050048828125
2023-02-23,,,,,4012.320068359375
2023-02-24,,,,,3970.0400390625
2023-02-27,,,,,3982.239990234375
2023-02-28,,,,,3970.14990234375
2023-03-01,,,,,3951.389892578125
2023-03-02,,,,,3981.35009765625
2023-03-03,,,,,4045.639892578125
2023-03-06,,,,,4048.419921875
2023-03-07,,,,,3986.3701171875
2023-03-08,,,,,3992.010009765625
2023-03-09,,,,,3918.320068359375
2023-03-10,,,,,3861.590087890625
2023-03-13,,,,,3855.760009765625
2023-03-14,,,,,3919.2900390625
2023-03-15,,,,,3891.929931640625
2023-03-16,,,,,3960.280029296875
2023-03-17,,,,,3916.639892578125
2023-03-20,,,,,3951.570068359375
2023-03-21,,,,,4002.8701171875
2023-03-22,,,,,3936.969970703125
2023-03-23,,,,,3948.719970703125
2023-03-24,,,,,3970.989990234375
2023-03-27,,,,,3977.530029296875
2023-03-28,,,,,3971.27001953125
2023-03-29,,,,,4027.81005859375
2023-03-30,,,,,4050.830078125
2023-03-31,,,,,4109.31005859375
2023-04-03,,,,,4124.509765625
2023-04-04,,,,,4100.60009765625
2023-04-05,,,,,4090.3798828125
2023-04-06,,,,,4105.02001953125
2023-04-10,,,,,4109.10986328125
2023-04-11,,,,,4108.93994140625
2023-04-12,,,,,4091.949951171875
2023-04-13,,,,,4146.22021484375
2023-04-14,,,,,4137.64013671875
2023-04-17,,,,,4151.31982421875
2023-04-18,,,,,4154.8701171875
2023-04-19,,,,,4154.52001953125
2023-04-20,,,,,4129.7900390625
2023-04-21,,,,,4133.52001953125
2023-04-24,,,,,4137.0400390625
2023-04-25,,,,,4071.6298828125
2023-04-26,,,,,4055.989990234375
2023-04-27,,,,,4135.35009765625
2023-04-28,,,,,4169.47998046875
2023-05-01,,,,,4167.8701171875
2023-05-02,,,,,4119.580078125
2023-05-03,,,,,4090.75
2023-05-04,,,,,4061.219970703125
2023-05-05,,,,,4136.25
2023-05-08,,,,,4138.1201171875
2023-05-09,,,,,4119.169921875
2023-05-10,,,,,4137.64013671875
2023-05-11,,,,,4130.6201171875
2023-05-12,,,,,4124.080078125
2023-05-15,,,,,4136.27978515625
2023-05-16,,,,,4109.89990234375
2023-05-17,,,,,4158.77001953125
2023-05-18,,,,,4198.0498046875
2023-05-19,,,,,4191.97998046875
2023-05-22,,,,,4192.6298828125
2023-05-23,,,,,4145.580078125
2023-05-24,,,,,4115.240234375
2023-05-25,,,,,4151.27978515625
2023-05-26,,,,,4205.4501953125
2023-05-30,,,,,4205.52001953125
2023-05-31,,,,,4179.830078125
2023-06-01,,,,,4221.02001953125
2023-06-02,,,,,4282.3701171875
2023-06-05,,,,,4273.7900390625
2023-06-06,,,,,4283.85009765625
2023-06-07,,,,,4267.52001953125
2023-06-08,,,,,4293.93017578125
2023-06-09,,,,,4298.85986328125
2023-06-12,,,,,4338.93017578125
2023-06-13,,,,,4369.009765625
2023-06-14,,,,,4372.58984375
2023-06-15,,,,,4425.83984375
2023-06-16,,,,,4409.58984375
2023-06-20,,,,,4388.7099609375
2023-06-21,,,,,4365.68994140625
2023-06-22,,,,,4381.89013671875
2023-06-23,,,,,4348.330078125
2023-06-26,,,,,4328.81982421875
2023-06-27,,,,,4378.41015625
2023-06-28,,,,,4376.85986328125
2023-06-29,,,,,4396.43994140625
2023-06-30,,,,,4450.3798828125
2023-07-03,,,,,4455.58984375
2023-07-05,,,,,4446.81982421875
2023-07-06,,,,,4411.58984375
2023-07-07,,,,,4398.9501953125
2023-07-10,,,,,4409.52978515625
2023-07-11,405.0,3.0,True,"5d:+50bps, 10d:+48bps, 20d:+58bps",4439.259765625
2023-07-12,395.0,3.0,True,"5d:+40bps, 10d:+33bps, 20d:+53bps",4472.16015625
2023-07-13,397.0,3.0,True,"5d:+32bps, 10d:+34bps, 20d:+55bps",4510.0400390625
2023-07-14,390.0,2.0,True,"5d:+24bps, 10d:+38bps",4505.419921875
2023-07-17,397.0,3.0,True,"5d:+30bps, 10d:+42bps, 20d:+40bps",4522.7900390625
2023-07-18,390.0,1.0,False,10d:+35bps,4554.97998046875
2023-07-19,389.0,1.0,False,10d:+34bps,4565.72021484375
2023-07-20,390.0,1.0,False,10d:+25bps,4534.8701171875
2023-07-21,389.0,0.0,False,,4536.33984375
2023-07-24,382.0,0.0,False,,4554.64013671875
2023-07-25,384.0,0.0,False,,4567.4599609375
2023-07-26,391.0,0.0,False,,4566.75
2023-07-27,378.0,0.0,False,,4537.41015625
2023-07-28,382.0,0.0,False,,4582.22998046875
2023-07-31,379.0,0.0,False,,4588.9599609375
2023-08-01,382.0,0.0,False,,4576.72998046875
2023-08-02,396.0,1.0,False,20d:+41bps,4513.39013671875
2023-08-03,398.0,1.0,False,5d:+20bps,4501.89013671875
2023-08-04,401.0,1.0,False,5d:+19bps,4478.02978515625
2023-08-07,397.0,1.0,False,5d:+18bps,4518.43994140625
2023-08-08,400.0,1.0,False,5d:+18bps,4499.3798828125
2023-08-09,394.0,0.0,False,,4467.7099609375
2023-08-10,383.0,0.0,False,,4468.830078125
2023-08-11,383.0,0.0,False,,4464.0498046875
2023-08-14,379.0,0.0,False,,4489.72021484375
2023-08-15,385.0,0.0,False,,4437.85986328125
2023-08-16,381.0,0.0,False,,4404.330078125
2023-08-17,395.0,0.0,False,,4370.35986328125
2023-08-18,401.99999999999994,1.0,False,5d:+19bps,4369.7099609375
2023-08-21,397.0,1.0,False,5d:+18bps,4399.77001953125
2023-08-22,393.0,0.0,False,,4387.5498046875
2023-08-23,392.0,0.0,False,,4436.009765625
2023-08-24,391.0,0.0,False,,4376.31005859375
2023-08-25,390.0,0.0,False,,4405.7099609375
2023-08-28,386.0,0.0,False,,4433.31005859375
2023-08-29,387.0,0.0,False,,4497.6298828125
2023-08-30,380.0,0.0,False,,4514.8701171875
2023-08-31,385.0,0.0,False,,4507.66015625
2023-09-01,381.0,0.0,False,,4515.77001953125
2023-09-04,381.0,0.0,False,,
2023-09-05,383.0,0.0,False,,4496.830078125
2023-09-06,386.0,0.0,False,,4465.47998046875
2023-09-07,390.0,0.0,False,,4451.14013671875
2023-09-08,385.0,0.0,False,,4457.490234375
2023-09-11,382.0,0.0,False,,4487.4599609375
2023-09-12,384.0,0.0,False,,4461.89990234375
2023-09-13,385.0,0.0,False,,4467.43994140625
2023-09-14,378.0,0.0,False,,4505.10009765625
2023-09-15,379.0,0.0,False,,4450.31982421875
2023-09-18,382.0,0.0,False,,4453.52978515625
2023-09-19,382.0,0.0,False,,4443.9501953125
2023-09-20,377.0,0.0,False,,4402.2001953125
2023-09-21,389.0,0.0,False,,4330.0
2023-09-22,393.0,0.0,False,,4320.06005859375
2023-09-25,397.0,1.0,False,5d:+15bps,4337.43994140625
2023-09-26,404.0,1.0,False,5d:+22bps,4273.52978515625
2023-09-27,403.0,1.0,False,5d:+26bps,4274.509765625
2023-09-28,409.0,2.0,True,"5d:+20bps, 10d:+31bps",4299.7001953125
2023-09-29,403.0,0.0,False,,4288.0498046875
2023-09-30,403.0,0.0,False,,
2023-10-02,411.00000000000006,1.0,False,10d:+29bps,4288.39013671875
2023-10-03,426.0,3.0,True,"5d:+23bps, 10d:+49bps, 20d:+40bps",4229.4501953125
2023-10-04,437.0,3.0,True,"5d:+28bps, 10d:+48bps, 20d:+47bps",4263.75
2023-10-05,438.0,3.0,True,"5d:+35bps, 10d:+45bps, 20d:+53bps",4258.18994140625
2023-10-06,433.0,3.0,True,"5d:+30bps, 10d:+36bps, 20d:+51bps",4308.5
2023-10-09,434.0,3.0,True,"5d:+23bps, 10d:+30bps, 20d:+50bps",4335.66015625
2023-10-10,426.0,1.0,False,20d:+41bps,4358.240234375
2023-10-11,425.0,1.0,False,20d:+47bps,4376.9501953125
2023-10-12,425.0,1.0,False,20d:+46bps,4349.60986328125
2023-10-13,430.0,2.0,True,"10d:+27bps, 20d:+48bps",4327.77978515625
2023-10-16,426.99999999999994,1.0,False,20d:+45bps,4373.6298828125
2023-10-17,425.0,1.0,False,20d:+48bps,4373.2001953125
2023-10-18,432.0,1.0,False,20d:+43bps,4314.60009765625
2023-10-19,437.0,1.0,False,20d:+44bps,4278.0
2023-10-20,451.99999999999994,2.0,True,"5d:+22bps, 20d:+55bps",4224.16015625
2023-10-23,451.0,2.0,True,"5d:+24bps, 20d:+47bps",4217.0400390625
2023-10-24,441.0,1.0,False,5d:+16bps,4247.68017578125
2023-10-25,437.0,0.0,False,,4186.77001953125
2023-10-26,450.0,2.0,True,"10d:+25bps, 20d:+47bps",4137.22998046875
2023-10-27,453.0,1.0,False,20d:+50bps,4117.3701171875
2023-10-30,450.0,0.0,False,,4166.81982421875
2023-10-31,442.0,0.0,False,,4193.7998046875
2023-11-01,447.0,0.0,False,,4237.85986328125
2023-11-02,415.00000000000006,0.0,False,,4317.77978515625
2023-11-03,404.0,0.0,False,,4358.33984375
2023-11-06,400.0,0.0,False,,4365.97998046875
2023-11-07,408.0,0.0,False,,4378.3798828125
2023-11-08,408.0,0.0,False,,4382.77978515625
2023-11-09,404.0,0.0,False,,4347.35009765625
2023-11-10,403.0,0.0,False,,4415.240234375
2023-11-13,403.0,0.0,False,,4411.5498046875
2023-11-14,392.0,0.0,False,,4495.7001953125
2023-11-15,389.0,0.0,False,,4502.8798828125
2023-11-16,401.99999999999994,0.0,False,,4508.240234375
2023-11-17,399.0,0.0,False,,4514.02001953125
2023-11-20,392.0,0.0,False,,4547.3798828125
2023-11-21,395.0,0.0,False,,4538.18994140625
2023-11-22,390.0,0.0,False,,4556.6201171875
2023-11-23,390.0,0.0,False,,
2023-11-24,385.0,0.0,False,,4559.33984375
2023-11-27,389.0,0.0,False,,4550.43017578125
2023-11-28,390.0,0.0,False,,4554.89013671875
2023-11-29,380.0,0.0,False,,4550.580078125
2023-11-30,384.0,0.0,False,,4567.7998046875
2023-12-01,387.0,0.0,False,,4594.6298828125
2023-12-04,380.0,0.0,False,,4569.77978515625
2023-12-05,380.0,0.0,False,,4567.18017578125
2023-12-06,379.0,0.0,False,,4549.33984375
2023-12-07,377.0,0.0,False,,4585.58984375
2023-12-08,375.0,0.0,False,,4604.3701171875
2023-12-11,379.0,0.0,False,,4622.43994140625
2023-12-12,376.0,0.0,False,,4643.7001953125
2023-12-13,379.0,0.0,False,,4707.08984375
2023-12-14,347.0,0.0,False,,4719.5498046875
2023-12-15,351.0,0.0,False,,4719.18994140625
2023-12-18,351.0,0.0,False,,4740.56005859375
2023-12-19,346.0,0.0,False,,4768.3701171875
2023-12-20,343.0,0.0,False,,4698.35009765625
2023-12-21,341.0,0.0,False,,4746.75
2023-12-22,339.0,0.0,False,,4754.6298828125
2023-12-26,337.0,0.0,False,,4774.75
2023-12-27,334.0,0.0,False,,4781.580078125
2023-12-28,332.0,0.0,False,,4783.35009765625
2023-12-29,334.0,0.0,False,,4769.830078125
2023-12-31,339.0,0.0,False,,
2024-01-02,354.0,1.0,False,5d:+17bps,4742.830078125
2024-01-03,371.0,2.0,True,"5d:+37bps, 10d:+25bps",4704.81005859375
2024-01-04,369.0,2.0,True,"5d:+37bps, 10d:+26bps",4688.68017578125
2024-01-05,368.0,2.0,True,"5d:+34bps, 10d:+27bps",4697.240234375
2024-01-08,363.0,1.0,False,5d:+24bps,4763.5400390625
2024-01-09,359.0,0.0,False,,4756.5
2024-01-10,350.0,0.0,False,,4783.4501953125
2024-01-11,355.0,0.0,False,,4780.240234375
2024-01-12,356.0,0.0,False,,4783.830078125
2024-01-15,354.0,0.0,False,,
2024-01-16,358.0,0.0,False,,4765.97998046875
2024-01-17,362.0,0.0,False,,4739.2099609375
2024-01-18,358.0,0.0,False,,4780.93994140625
2024-01-19,354.0,0.0,False,,4839.81005859375
2024-01-22,349.0,0.0,False,,4850.43017578125
2024-01-23,351.0,0.0,False,,4864.60009765625
2024-01-24,344.0,0.0,False,,4868.5498046875
2024-01-25,345.0,0.0,False,,4894.16015625
2024-01-26,339.0,0.0,False,,4890.97021484375
2024-01-29,341.0,0.0,False,,4927.93017578125
2024-01-30,342.0,0.0,False,,4924.97021484375
2024-01-31,359.0,1.0,False,5d:+15bps,4845.64990234375
2024-02-01,356.0,0.0,False,,4906.18994140625
2024-02-02,347.0,0.0,False,,4958.60986328125
2024-02-05,350.0,0.0,False,,4942.81005859375
2024-02-06,352.0,0.0,False,,4954.22998046875
2024-02-07,343.0,0.0,False,,4995.06005859375
2024-02-08,338.0,0.0,False,,4997.91015625
2024-02-09,333.0,0.0,False,,5026.60986328125
2024-02-12,335.0,0.0,False,,5021.83984375
2024-02-13,336.0,0.0,False,,4953.169921875
2024-02-14,338.0,0.0,False,,5000.6201171875
2024-02-15,335.0,0.0,False,,5029.72998046875
2024-02-16,334.0,0.0,False,,5005.56982421875
2024-02-19,334.0,0.0,False,,
2024-02-20,337.0,0.0,False,,4975.509765625
2024-02-21,334.0,0.0,False,,4981.7998046875
2024-02-22,322.0,0.0,False,,5087.02978515625
2024-02-23,323.0,0.0,False,,5088.7998046875
2024-02-26,323.0,0.0,False,,5069.52978515625
2024-02-27,326.0,0.0,False,,5078.18017578125
2024-02-28,331.0,0.0,False,,5069.759765625
2024-02-29,329.0,0.0,False,,5096.27001953125
2024-03-01,332.0,0.0,False,,5137.080078125
2024-03-04,326.0,0.0,False,,5130.9501953125
2024-03-05,331.0,0.0,False,,5078.64990234375
2024-03-06,327.0,0.0,False,,5104.759765625
2024-03-07,327.0,0.0,False,,5157.35986328125
2024-03-08,326.0,0.0,False,,5123.68994140625
2024-03-11,326.0,0.0,False,,5117.93994140625
2024-03-12,320.0,0.0,False,,5175.27001953125
2024-03-13,315.0,0.0,False,,5165.31005859375
2024-03-14,315.0,0.0,False,,5150.47998046875
2024-03-15,316.0,0.0,False,,5117.08984375
2024-03-18,313.0,0.0,False,,5149.419921875
2024-03-19,310.0,0.0,False,,5178.509765625
2024-03-20,314.0,0.0,False,,5224.6201171875
2024-03-21,305.0,0.0,False,,5241.52978515625
2024-03-22,308.0,0.0,False,,5234.18017578125
2024-03-25,311.0,0.0,False,,5218.18994140625
2024-03-26,315.0,0.0,False,,5203.580078125
2024-03-27,315.0,0.0,False,,5248.490234375
2024-03-28,312.0,0.0,False,,5254.35009765625
2024-03-31,315.0,0.0,False,,
2024-04-01,312.0,0.0,False,,5243.77001953125
2024-04-02,323.0,0.0,False,,5205.81005859375
2024-04-03,323.0,0.0,False,,5211.490234375
2024-04-04,324.0,0.0,False,,5147.2099609375
2024-04-05,318.0,0.0,False,,5204.33984375
2024-04-08,315.0,0.0,False,,5202.39013671875
2024-04-09,314.0,0.0,False,,5209.91015625
2024-04-10,310.0,0.0,False,,5160.64013671875
2024-04-11,316.0,0.0,False,,5199.06005859375
2024-04-12,325.0,0.0,False,,5123.41015625
2024-04-15,328.0,0.0,False,,5061.81982421875
2024-04-16,336.0,1.0,False,5d:+22bps,5051.41015625
2024-04-17,342.0,1.0,False,5d:+32bps,5022.2099609375
2024-04-18,339.0,1.0,False,5d:+23bps,5011.1201171875
2024-04-19,337.0,0.0,False,,4967.22998046875
2024-04-22,329.0,0.0,False,,5010.60009765625
2024-04-23,320.0,0.0,False,,5070.5498046875
2024-04-24,319.0,0.0,False,,5071.6298828125
2024-04-25,324.0,0.0,False,,5048.419921875
2024-04-26,316.0,0.0,False,,5099.9599609375
2024-04-29,312.0,0.0,False,,5116.169921875
2024-04-30,318.0,0.0,False,,5035.68994140625
2024-05-01,321.0,0.0,False,,5018.39013671875
2024-05-02,316.0,0.0,False,,5064.2001953125
2024-05-03,308.0,0.0,False,,5127.7900390625
2024-05-06,303.0,0.0,False,,5180.740234375
2024-05-07,306.0,0.0,False,,5187.7001953125
2024-05-08,310.0,0.0,False,,5187.669921875
2024-05-09,314.0,0.0,False,,5214.080078125
2024-05-10,312.0,0.0,False,,5222.68017578125
2024-05-13,314.0,0.0,False,,5221.419921875
2024-05-14,314.0,0.0,False,,5246.68017578125
2024-05-15,313.0,0.0,False,,5308.14990234375
2024-05-16,308.0,0.0,False,,5297.10009765625
2024-05-17,309.0,0.0,False,,5303.27001953125
2024-05-20,307.0,0.0,False,,5308.1298828125
2024-05-21,307.0,0.0,False,,5321.41015625
2024-05-22,311.0,0.0,False,,5307.009765625
2024-05-23,310.0,0.0,False,,5267.83984375
2024-05-24,311.0,0.0,False,,5304.72021484375
2024-05-27,312.0,0.0,False,,
2024-05-28,309.0,0.0,False,,5306.0400390625
2024-05-29,315.0,0.0,False,,5266.9501953125
2024-05-30,319.0,0.0,False,,5235.47998046875
2024-05-31,320.0,0.0,False,,5277.509765625
2024-06-03,317.0,0.0,False,,5283.39990234375
2024-06-04,322.0,0.0,False,,5291.33984375
2024-06-05,320.0,0.0,False,,5354.02978515625
2024-06-06,320.0,0.0,False,,5352.9599609375
2024-06-07,315.0,0.0,False,,5346.990234375
2024-06-10,315.0,0.0,False,,5360.7900390625
2024-06-11,319.0,0.0,False,,5375.31982421875
2024-06-12,309.0,0.0,False,,5421.02978515625
2024-06-13,320.0,0.0,False,,5433.740234375
2024-06-14,329.0,0.0,False,,5431.60009765625
2024-06-17,326.0,0.0,False,,5473.22998046875
2024-06-18,324.0,0.0,False,,5487.02978515625
2024-06-19,324.0,1.0,False,5d:+15bps,
2024-06-20,323.0,0.0,False,,5473.169921875
2024-06-21,321.0,0.0,False,,5464.6201171875
2024-06-24,319.0,0.0,False,,5447.8701171875
2024-06-25,319.0,0.0,False,,5469.2998046875
2024-06-26,318.0,0.0,False,,5477.89990234375
2024-06-27,321.0,0.0,False,,5482.8701171875
2024-06-28,318.0,0.0,False,,5460.47998046875
2024-06-30,321.0,0.0,False,,
2024-07-01,321.0,0.0,False,,5475.08984375
2024-07-02,323.0,0.0,False,,5509.009765625
2024-07-03,325.0,0.0,False,,5537.02001953125
2024-07-04,325.0,0.0,False,,
2024-07-05,327.0,0.0,False,,5567.18994140625
2024-07-08,320.0,0.0,False,,5572.85009765625
2024-07-09,321.0,0.0,False,,5576.97998046875
2024-07-10,317.0,0.0,False,,5633.91015625
2024-07-11,318.0,0.0,False,,5584.5400390625
2024-07-12,319.0,0.0,False,,5615.35009765625
2024-07-15,313.0,0.0,False,,5631.22021484375
2024-07-16,308.0,0.0,False,,5667.2001953125
2024-07-17,309.0,0.0,False,,5588.27001953125
2024-07-18,309.0,0.0,False,,5544.58984375
2024-07-19,309.0,0.0,False,,5505.0
2024-07-22,305.0,0.0,False,,5564.41015625
2024-07-23,302.0,0.0,False,,5555.740234375
2024-07-24,310.0,0.0,False,,5427.1298828125
2024-07-25,308.0,0.0,False,,5399.22021484375
2024-07-26,310.0,0.0,False,,5459.10009765625
2024-07-29,313.0,0.0,False,,5463.5400390625
2024-07-30,320.0,1.0,False,5d:+18bps,5436.43994140625
2024-07-31,325.0,1.0,False,5d:+15bps,5522.2998046875
2024-08-01,335.0,2.0,True,"5d:+27bps, 10d:+26bps",5446.68017578125
2024-08-02,372.0,3.0,True,"5d:+62bps, 10d:+63bps, 20d:+45bps",5346.56005859375
2024-08-05,393.0,3.0,True,"5d:+80bps, 10d:+88bps, 20d:+73bps",5186.330078125
2024-08-06,367.0,3.0,True,"5d:+47bps, 10d:+65bps, 20d:+46bps",5240.02978515625
2024-08-07,357.0,3.0,True,"5d:+32bps, 10d:+47bps, 20d:+40bps",5199.5
2024-08-08,348.0,1.0,False,10d:+40bps,5319.31005859375
2024-08-09,349.0,1.0,False,10d:+39bps,5344.16015625
2024-08-12,352.0,1.0,False,10d:+39bps,5344.39013671875
2024-08-13,354.0,2.0,True,"10d:+34bps, 20d:+46bps",5434.43017578125
2024-08-14,346.0,0.0,False,,5455.2099609375
2024-08-15,331.0,0.0,False,,5543.22021484375
2024-08-16,329.0,0.0,False,,5554.25
2024-08-19,321.0,0.0,False,,5608.25
2024-08-20,325.0,0.0,False,,5597.1201171875
2024-08-21,327.0,0.0,False,,5620.85009765625
2024-08-22,321.0,0.0,False,,5570.64013671875
2024-08-23,319.0,0.0,False,,5634.60986328125
2024-08-26,315.0,0.0,False,,5616.83984375
2024-08-27,317.0,0.0,False,,5625.7998046875
2024-08-28,319.0,0.0,False,,5592.18017578125
2024-08-29,315.0,0.0,False,,5591.9599609375
2024-08-30,313.0,0.0,False,,5648.39990234375
2024-08-31,317.0,0.0,False,,
2024-09-02,317.0,0.0,False,,
2024-09-03,331.0,0.0,False,,5528.93017578125
2024-09-04,335.0,1.0,False,5d:+20bps,5520.06982421875
2024-09-05,329.0,1.0,False,5d:+16bps,5503.41015625
2024-09-06,339.0,1.0,False,5d:+22bps,5408.419921875
2024-09-09,336.0,1.0,False,5d:+19bps,5471.0498046875
2024-09-10,346.0,2.0,True,"5d:+15bps, 10d:+27bps",5495.52001953125
2024-09-11,344.0,1.0,False,10d:+29bps,5554.1298828125
2024-09-12,339.0,1.0,False,10d:+26bps,5595.759765625
2024-09-13,337.0,0.0,False,,5626.02001953125
2024-09-16,332.0,0.0,False,,5633.08984375
2024-09-17,325.0,0.0,False,,5634.580078125
2024-09-18,321.0,0.0,False,,5618.259765625
2024-09-19,310.0,0.0,False,,5713.64013671875
2024-09-20,315.0,0.0,False,,5702.5498046875
2024-09-23,315.0,0.0,False,,5718.56982421875
2024-09-24,321.0,0.0,False,,5732.93017578125
2024-09-25,319.0,0.0,False,,5722.259765625
2024-09-26,314.0,0.0,False,,5745.3701171875
2024-09-27,314.0,0.0,False,,5738.169921875
2024-09-30,303.0,0.0,False,,5762.47998046875
2024-10-01,307.0,0.0,False,,5708.75
2024-10-02,306.0,0.0,False,,5709.5400390625
2024-10-03,304.0,0.0,False,,5699.93994140625
2024-10-04,289.0,0.0,False,,5751.06982421875
2024-10-07,295.0,0.0,False,,5695.93994140625
2024-10-08,299.0,0.0,False,,5751.1298828125
2024-10-09,294.0,0.0,False,,5792.0400390625
2024-10-10,299.0,0.0,False,,5780.0498046875
2024-10-11,298.0,0.0,False,,5815.02978515625
2024-10-14,297.0,0.0,False,,5859.85009765625
2024-10-15,293.0,0.0,False,,5815.259765625
2024-10-16,290.0,0.0,False,,5842.47021484375
2024-10-17,289.0,0.0,False,,5841.47021484375
2024-10-18,288.0,0.0,False,,5864.669921875
2024-10-21,288.0,0.0,False,,5853.97998046875
2024-10-22,292.0,0.0,False,,5851.2001953125
2024-10-23,295.0,0.0,False,,5797.419921875
2024-10-24,293.0,0.0,False,,5809.85986328125
2024-10-25,289.0,0.0,False,,5808.1201171875
2024-10-28,282.0,0.0,False,,5823.52001953125
2024-10-29,285.0,0.0,False,,5832.919921875
2024-10-30,280.0,0.0,False,,5813.669921875
2024-10-31,288.0,0.0,False,,5705.4501953125
2024-11-01,283.0,0.0,False,,5728.7998046875
2024-11-04,287.0,0.0,False,,5712.68994140625
2024-11-05,286.0,0.0,False,,5782.759765625
2024-11-06,274.0,0.0,False,,5929.0400390625
2024-11-07,273.0,0.0,False,,5973.10009765625
2024-11-08,263.0,0.0,False,,5995.5400390625
2024-11-11,263.0,0.0,False,,6001.35009765625
2024-11-12,261.0,0.0,False,,5983.990234375
2024-11-13,264.0,0.0,False,,5985.3798828125
2024-11-14,260.0,0.0,False,,5949.169921875
2024-11-15,272.0,0.0,False,,5870.6201171875
2024-11-18,272.0,0.0,False,,5893.6201171875
2024-11-19,269.0,0.0,False,,5916.97998046875
2024-11-20,267.0,0.0,False,,5917.10986328125
2024-11-21,261.0,0.0,False,,5948.7099609375
2024-11-22,261.0,0.0,False,,5969.33984375
2024-11-25,264.0,0.0,False,,5987.3701171875
2024-11-26,268.0,0.0,False,,6021.6298828125
2024-11-27,269.0,0.0,False,,5998.740234375
2024-11-28,269.0,0.0,False,,
2024-11-29,272.0,0.0,False,,6032.3798828125
2024-11-30,274.0,0.0,False,,
2024-12-02,268.0,0.0,False,,6047.14990234375
2024-12-03,266.0,0.0,False,,6049.8798828125
2024-12-04,266.0,0.0,False,,6086.490234375
2024-12-05,266.0,0.0,False,,6075.10986328125
2024-12-06,267.0,0.0,False,,6090.27001953125
2024-12-09,267.0,0.0,False,,6052.85009765625
2024-12-10,267.0,0.0,False,,6034.91015625
2024-12-11,264.0,0.0,False,,6084.18994140625
2024-12-12,266.0,0.0,False,,6051.25
2024-12-13,268.0,0.0,False,,6051.08984375
2024-12-16,269.0,0.0,False,,6074.080078125
2024-12-17,275.0,0.0,False,,6050.60986328125
2024-12-18,273.0,0.0,False,,5872.16015625
2024-12-19,291.0,2.0,True,"5d:+25bps, 10d:+25bps",5867.080078125
2024-12-20,286.0,1.0,False,5d:+18bps,5930.85009765625
2024-12-23,285.0,1.0,False,5d:+16bps,5974.06982421875
2024-12-24,286.0,0.0,False,,6040.0400390625
2024-12-26,286.0,0.0,False,,6037.58984375
2024-12-27,284.0,0.0,False,,5970.83984375
2024-12-30,294.0,1.0,False,10d:+26bps,5906.93994140625
2024-12-31,292.0,0.0,False,,5881.6298828125
2025-01-02,288.0,0.0,False,,5868.5498046875
2025-01-03,281.0,0.0,False,,5942.47021484375
2025-01-06,276.0,0.0,False,,5975.3798828125
2025-01-07,279.0,0.0,False,,5909.02978515625
2025-01-08,284.0,0.0,False,,5918.25
2025-01-09,282.0,0.0,False,,
2025-01-10,281.0,0.0,False,,5827.0400390625
2025-01-13,285.0,0.0,False,,5836.22021484375
2025-01-14,280.0,0.0,False,,5842.91015625
2025-01-15,272.0,0.0,False,,5949.91015625
2025-01-16,273.0,0.0,False,,5937.33984375
2025-01-17,264.0,0.0,False,,5996.66015625
2025-01-20,264.0,0.0,False,,
2025-01-21,261.0,0.0,False,,6049.240234375
2025-01-22,259.0,0.0,False,,6086.3701171875
2025-01-23,261.0,0.0,False,,6118.7099609375
2025-01-24,260.0,0.0,False,,6101.240234375
2025-01-27,266.0,0.0,False,,6012.27978515625
2025-01-28,266.0,0.0,False,,6067.7001953125
2025-01-29,268.0,0.0,False,,6039.31005859375
2025-01-30,267.0,0.0,False,,6071.169921875
2025-01-31,268.0,0.0,False,,6040.52978515625
2025-02-03,273.0,0.0,False,,5994.56982421875
2025-02-04,271.0,0.0,False,,6037.8798828125
2025-02-05,269.0,0.0,False,,6061.47998046875
2025-02-06,266.0,0.0,False,,6083.56982421875
2025-02-07,267.0,0.0,False,,6025.990234375
2025-02-10,266.0,0.0,False,,6066.43994140625
2025-02-11,266.0,0.0,False,,6068.5
2025-02-12,265.0,0.0,False,,6051.97021484375
2025-02-13,265.0,0.0,False,,6115.06982421875
2025-02-14,262.0,0.0,False,,6114.6298828125
2025-02-17,262.0,0.0,False,,
2025-02-18,262.0,0.0,False,,6129.580078125
2025-02-19,268.0,0.0,False,,6144.14990234375
2025-02-20,266.0,0.0,False,,6117.52001953125
2025-02-21,278.0,1.0,False,5d:+16bps,6013.1298828125
2025-02-24,278.0,1.0,False,5d:+16bps,5983.25
2025-02-25,284.0,1.0,False,5d:+22bps,5955.25
2025-02-26,281.0,0.0,False,,5956.06005859375
2025-02-27,281.0,1.0,False,5d:+15bps,5861.56982421875
2025-02-28,287.0,1.0,False,10d:+25bps,5954.5
2025-03-03,294.0,2.0,True,"5d:+16bps, 10d:+32bps",5849.72021484375
2025-03-04,299.0,2.0,True,"5d:+15bps, 10d:+37bps",5778.14990234375
2025-03-05,288.0,0.0,False,,5842.6298828125
2025-03-06,299.0,2.0,True,"5d:+18bps, 10d:+33bps",5738.52001953125
2025-03-07,297.0,0.0,False,,5770.2001953125
2025-03-10,316.0,3.0,True,"5d:+22bps, 10d:+38bps, 20d:+50bps",5614.56005859375
2025-03-11,322.0,3.0,True,"5d:+23bps, 10d:+38bps, 20d:+56bps",5572.06982421875
2025-03-12,320.0,3.0,True,"5d:+32bps, 10d:+39bps, 20d:+55bps",5599.2998046875
2025-03-13,340.0,3.0,True,"5d:+41bps, 10d:+59bps, 20d:+75bps",5521.52001953125
2025-03-14,325.0,3.0,True,"5d:+28bps, 10d:+38bps, 20d:+63bps",5638.93994140625
2025-03-17,318.0,1.0,False,20d:+56bps,5675.1201171875
2025-03-18,323.0,1.0,False,20d:+61bps,5614.66015625
2025-03-19,319.0,2.0,True,"10d:+31bps, 20d:+51bps",5675.2900390625
2025-03-20,317.0,1.0,False,20d:+51bps,5662.89013671875
2025-03-21,321.0,1.0,False,20d:+43bps,5667.56005859375
2025-03-24,305.0,0.0,False,,5767.56982421875
2025-03-25,309.0,0.0,False,,5776.64990234375
2025-03-26,319.0,0.0,False,,5712.2001953125
2025-03-27,327.0,1.0,False,20d:+46bps,5693.31005859375
2025-03-28,347.0,2.0,True,"5d:+26bps, 20d:+60bps",5580.93994140625
2025-03-31,355.0,3.0,True,"5d:+50bps, 10d:+37bps, 20d:+61bps",5611.85009765625
2025-04-01,350.0,3.0,True,"5d:+41bps, 10d:+27bps, 20d:+51bps",5633.06982421875
2025-04-02,342.0,2.0,True,"5d:+23bps, 20d:+54bps",5670.97021484375
2025-04-03,401.0,3.0,True,"5d:+74bps, 10d:+84bps, 20d:+102bps",5396.52001953125
2025-04-04,445.0,3.0,True,"5d:+98bps, 10d:+124bps, 20d:+148bps",5074.080078125
2025-04-07,461.00000000000006,3.0,True,"5d:+106bps, 10d:+156bps, 20d:+145bps",5062.25
2025-04-08,457.0,3.0,True,"5d:+107bps, 10d:+148bps, 20d:+135bps",4982.77001953125
2025-04-09,437.0,3.0,True,"5d:+95bps, 10d:+118bps, 20d:+117bps",5456.89990234375
2025-04-10,442.0,3.0,True,"5d:+41bps, 10d:+115bps, 20d:+102bps",5268.0498046875
2025-04-11,426.0,2.0,True,"10d:+79bps, 20d:+101bps",5363.35986328125
2025-04-14,413.99999999999994,2.0,True,"10d:+59bps, 20d:+96bps",5405.97021484375
2025-04-15,409.0,2.0,True,"10d:+59bps, 20d:+86bps",5396.6298828125
2025-04-16,416.0,2.0,True,"10d:+74bps, 20d:+97bps",5275.7001953125
2025-04-17,401.99999999999994,1.0,False,20d:+85bps,5282.7001953125
2025-04-21,416.0,1.0,False,20d:+95bps,5158.2001953125
2025-04-22,399.0,1.0,False,20d:+94bps,5287.759765625
2025-04-23,375.0,1.0,False,20d:+66bps,5375.85986328125
2025-04-24,373.0,1.0,False,20d:+54bps,5484.77001953125
2025-04-25,367.0,1.0,False,20d:+40bps,5525.2099609375
2025-04-28,373.0,0.0,False,,5528.75
2025-04-29,374.0,0.0,False,,5560.830078125
2025-04-30,394.0,2.0,True,"5d:+19bps, 20d:+44bps",5569.06005859375
2025-05-01,378.0,0.0,False,,5604.14013671875
2025-05-02,360.0,0.0,False,,5686.669921875
2025-05-05,360.0,0.0,False,,5650.3798828125
2025-05-06,366.0,0.0,False,,5606.91015625
2025-05-07,367.0,0.0,False,,5631.27978515625
2025-05-08,351.0,0.0,False,,5663.93994140625
2025-05-09,353.0,0.0,False,,5659.91015625
2025-05-12,315.0,0.0,False,,5844.18994140625
2025-05-13,309.0,0.0,False,,5886.5498046875
2025-05-14,310.0,0.0,False,,5892.580078125
2025-05-15,320.0,0.0,False,,5916.93017578125
2025-05-16,316.0,0.0,False,,5958.3798828125
2025-05-19,321.0,0.0,False,,5963.60009765625
2025-05-20,320.0,0.0,False,,5940.4599609375
2025-05-21,325.0,1.0,False,5d:+15bps,5844.60986328125
2025-05-22,332.0,0.0,False,,5842.009765625
2025-05-23,340.0,1.0,False,5d:+24bps,5802.81982421875
2025-05-26,340.0,2.0,True,"5d:+19bps, 10d:+25bps",
2025-05-27,324.0,0.0,False,,5921.5400390625
2025-05-28,323.0,0.0,False,,5888.5498046875
2025-05-29,322.0,0.0,False,,5912.169921875
2025-05-30,331.0,0.0,False,,5911.68994140625
2025-05-31,332.0,0.0,False,,
2025-06-02,327.0,0.0,False,,5935.93994140625
2025-06-03,319.0,0.0,False,,5970.3701171875
2025-06-04,323.0,0.0,False,,5970.81005859375
2025-06-05,318.0,0.0,False,,5939.2998046875
2025-06-06,309.0,0.0,False,,6000.35986328125
2025-06-09,312.0,0.0,False,,6005.8798828125
2025-06-10,312.0,0.0,False,,6038.81005859375
2025-06-11,312.0,0.0,False,,6022.240234375
2025-06-12,317.0,0.0,False,,6045.259765625
2025-06-13,318.0,0.0,False,,5976.97021484375
2025-06-16,310.0,0.0,False,,6033.10986328125
2025-06-17,317.0,0.0,False,,5982.72021484375
2025-06-18,316.0,0.0,False,,5980.8701171875
2025-06-19,316.0,0.0,False,,
2025-06-20,313.0,0.0,False,,5967.83984375
2025-06-23,312.0,0.0,False,,6025.169921875
2025-06-24,306.0,0.0,False,,6092.18017578125
2025-06-25,304.0,0.0,False,,6092.16015625
2025-06-26,304.0,0.0,False,,6141.02001953125
2025-06-27,302.0,0.0,False,,6173.06982421875
2025-06-30,296.0,0.0,False,,6204.9501953125
2025-07-01,291.0,0.0,False,,6198.009765625
2025-07-02,288.0,0.0,False,,6227.419921875
2025-07-03,280.0,0.0,False,,6279.35009765625
2025-07-04,280.0,0.0,False,,
2025-07-07,286.0,0.0,False,,6229.97998046875
2025-07-08,292.0,0.0,False,,6225.52001953125
2025-07-09,294.0,0.0,False,,6263.259765625
2025-07-10,292.0,0.0,False,,6280.4599609375
2025-07-11,297.0,1.0,False,5d:+17bps,6259.75
2025-07-14,295.0,0.0,False,,6268.56005859375
2025-07-15,295.0,0.0,False,,6243.759765625
2025-07-16,300.0,0.0,False,,6263.7001953125
2025-07-17,291.0,0.0,False,,6297.35986328125
2025-07-18,293.0,0.0,False,,6296.7900390625
2025-07-21,289.0,0.0,False,,6305.60009765625
2025-07-22,290.0,0.0,False,,6309.6201171875
2025-07-23,283.0,0.0,False,,6358.91015625
2025-07-24,282.0,0.0,False,,6363.35009765625
2025-07-25,284.0,0.0,False,,6388.64013671875
2025-07-28,282.0,0.0,False,,6389.77001953125
2025-07-29,286.0,0.0,False,,6370.85986328125
2025-07-30,289.0,0.0,False,,6362.89990234375
2025-07-31,286.0,0.0,False,,6339.39013671875
2025-08-01,313.0,1.0,False,5d:+29bps,6238.009765625
2025-08-04,302.0,1.0,False,5d:+20bps,6329.93994140625
2025-08-05,298.0,0.0,False,,6299.18994140625
2025-08-06,298.0,0.0,False,,6345.06005859375
2025-08-07,295.0,0.0,False,,6340.0
2025-08-08,294.0,0.0,False,,6389.4501953125
2025-08-11,294.0,0.0,False,,6373.4501953125
2025-08-12,293.0,0.0,False,,6445.759765625
2025-08-13,290.0,0.0,False,,6466.580078125
2025-08-14,289.0,0.0,False,,6468.5400390625
2025-08-15,288.0,0.0,False,,6449.7998046875
2025-08-18,288.0,0.0,False,,6449.14990234375
2025-08-19,290.0,0.0,False,,6411.3701171875
2025-08-20,294.0,0.0,False,,6395.77978515625
2025-08-21,295.0,0.0,False,,6370.169921875
2025-08-22,288.0,0.0,False,,6466.91015625
2025-08-25,280.0,0.0,False,,6439.31982421875
2025-08-26,278.0,0.0,False,,6465.93994140625
2025-08-27,278.0,0.0,False,,6481.39990234375
2025-08-28,275.0,0.0,False,,6501.85986328125
2025-08-29,282.0,0.0,False,,6460.259765625
2025-08-31,284.0,0.0,False,,
2025-09-01,284.0,0.0,False,,
2025-09-02,292.0,0.0,False,,6415.5400390625
2025-09-03,288.0,0.0,False,,6448.259765625
2025-09-04,284.0,0.0,False,,6502.080078125
2025-09-05,283.0,0.0,False,,6481.5
2025-09-08,284.0,0.0,False,,6495.14990234375
2025-09-09,287.0,0.0,False,,6512.60986328125
2025-09-10,284.0,0.0,False,,6532.0400390625
2025-09-11,278.0,0.0,False,,6587.47021484375
2025-09-12,279.0,0.0,False,,6584.2900390625
2025-09-15,275.0,0.0,False,,6615.27978515625
2025-09-16,279.0,0.0,False,,6606.759765625
2025-09-17,279.0,0.0,False,,6600.35009765625
2025-09-18,271.0,0.0,False,,6631.9599609375
2025-09-19,272.0,0.0,False,,6664.35986328125
2025-09-22,269.0,0.0,False,,6693.75
2025-09-23,271.0,0.0,False,,6656.919921875
2025-09-24,270.0,0.0,False,,6637.97021484375
2025-09-25,276.0,0.0,False,,6604.72021484375
2025-09-26,275.0,0.0,False,,6643.7001953125
2025-09-29,274.0,0.0,False,,6661.2099609375
2025-09-30,280.0,0.0,False,,6688.4599609375
2025-10-01,281.0,0.0,False,,6711.2001953125
2025-10-02,281.0,0.0,False,,6715.35009765625
2025-10-03,280.0,0.0,False,,6715.7900390625
2025-10-06,276.0,0.0,False,,6740.27978515625
2025-10-07,282.0,0.0,False,,6714.58984375
2025-10-08,284.0,0.0,False,,6753.72021484375
2025-10-09,295.0,0.0,False,,6735.10986328125
2025-10-10,318.0,2.0,True,"5d:+38bps, 10d:+43bps",6552.509765625
2025-10-13,318.0,3.0,True,"5d:+42bps, 10d:+44bps, 20d:+43bps",6654.72021484375
2025-10-14,311.0,2.0,True,"5d:+29bps, 10d:+31bps",6644.31005859375
2025-10-15,295.0,0.0,False,,6671.06005859375
2025-10-16,304.0,0.0,False,,6629.06982421875
2025-10-17,304.0,0.0,False,,6664.009765625
2025-10-20,299.0,0.0,False,,6735.1298828125
2025-10-21,297.0,0.0,False,,6735.35009765625
2025-10-22,301.0,0.0,False,,6699.39990234375
2025-10-23,296.0,0.0,False,,6738.43994140625
2025-10-24,288.0,0.0,False,,6791.68994140625
2025-10-27,280.0,0.0,False,,6875.16015625
2025-10-28,282.0,0.0,False,,6890.89013671875
2025-10-29,276.0,0.0,False,,6890.58984375
2025-10-30,285.0,0.0,False,,6822.33984375
2025-10-31,294.0,0.0,False,,6840.2001953125
2025-11-03,304.0,1.0,False,5d:+24bps,6851.97021484375
2025-11-04,313.0,1.0,False,5d:+31bps,6771.5498046875
2025-11-05,305.0,1.0,False,5d:+29bps,6796.2900390625
2025-11-06,313.0,1.0,False,5d:+28bps,6720.31982421875
2025-11-07,315.0,2.0,True,"5d:+21bps, 10d:+27bps",6728.7998046875
2025-11-10,302.0,0.0,False,,6832.43017578125
2025-11-11,302.0,0.0,False,,6846.60986328125
2025-11-12,302.0,1.0,False,10d:+26bps,6850.919921875
2025-11-13,309.0,0.0,False,,6737.490234375
2025-11-14,307.0,0.0,False,,6734.10986328125
2025-11-17,313.0,0.0,False,,6672.41015625
2025-11-18,320.0,1.0,False,5d:+18bps,6617.31982421875
2025-11-19,317.0,1.0,False,5d:+15bps,6642.16015625
2025-11-20,317.0,0.0,False,,6538.759765625
2025-11-21,319.0,0.0,False,,6602.990234375
2025-11-24,315.0,0.0,False,,6705.1201171875
2025-11-25,310.0,0.0,False,,6765.8798828125
2025-11-26,300.0,0.0,False,,6812.60986328125
2025-11-27,300.0,0.0,False,,
2025-11-28,295.0,0.0,False,,6849.08984375
2025-11-30,292.0,0.0,False,,
2025-12-01,294.0,0.0,False,,6812.6298828125
2025-12-02,292.0,0.0,False,,6829.3701171875
2025-12-03,289.0,0.0,False,,6849.72021484375
2025-12-04,288.0,0.0,False,,6857.1201171875
2025-12-05,285.0,0.0,False,,6870.39990234375
2025-12-08,289.0,0.0,False,,6846.509765625
2025-12-09,289.0,0.0,False,,6840.509765625
2025-12-10,291.0,0.0,False,,6886.68017578125
2025-12-11,288.0,0.0,False,,6901.0
2025-12-12,291.0,0.0,False,,6827.41015625
2025-12-15,291.0,0.0,False,,6816.509765625
2025-12-16,298.0,0.0,False,,6800.259765625
2025-12-17,299.0,0.0,False,,6721.43017578125
2025-12-18,295.0,0.0,False,,6774.759765625
2025-12-19,290.0,0.0,False,,6834.5
2025-12-22,288.0,0.0,False,,6878.490234375
2025-12-23,283.0,0.0,False,,6909.7900390625
2025-12-24,284.0,0.0,False,,6932.0498046875
2025-12-26,286.0,0.0,False,,6929.93994140625
2025-12-29,287.0,0.0,False,,6905.740234375
2025-12-30,284.0,0.0,False,,6896.240234375
2025-12-31,281.0,0.0,False,,6845.5
2026-01-02,283.0,0.0,False,,6858.47021484375
2026-01-05,281.0,0.0,False,,6902.0498046875
2026-01-06,279.0,0.0,False,,6944.81982421875
2026-01-07,279.0,0.0,False,,6920.93017578125
2026-01-08,276.0,0.0,False,,6921.4599609375
2026-01-09,274.0,0.0,False,,6966.27978515625
2026-01-12,274.0,0.0,False,,6977.27001953125
2026-01-13,275.0,0.0,False,,6963.740234375
2026-01-14,276.0,0.0,False,,6926.60009765625
2026-01-15,271.0,0.0,False,,6944.47021484375
2026-01-16,265.0,0.0,False,,6940.009765625
2026-01-19,265.0,0.0,False,,
2026-01-20,273.0,0.0,False,,6796.85986328125
2026-01-21,269.0,0.0,False,,6875.6201171875
2026-01-22,264.0,0.0,False,,6913.35009765625
2026-01-23,268.0,0.0,False,,6915.60986328125
2026-01-26,269.0,0.0,False,,6950.22998046875
2026-01-27,271.0,0.0,False,,6978.60009765625
2026-01-28,272.0,0.0,False,,6978.02978515625
2026-01-29,277.0,0.0,False,,6969.009765625
2026-01-30,280.0,0.0,False,,6939.02978515625
2026-01-31,288.0,1.0,False,5d:+19bps,
2026-02-02,281.0,0.0,False,,6976.43994140625
2026-02-03,285.0,0.0,False,,6917.81005859375
2026-02-04,286.0,0.0,False,,6882.72021484375
2026-02-05,297.0,2.0,True,"5d:+17bps, 10d:+29bps",6798.39990234375
2026-02-06,287.0,0.0,False,,6932.2998046875
2026-02-09,284.0,0.0,False,,6964.81982421875
2026-02-10,286.0,0.0,False,,6941.81005859375
2026-02-11,284.0,0.0,False,,6941.47021484375
2026-02-12,292.0,0.0,False,,6832.759765625
2026-02-13,295.0,0.0,False,,6836.169921875
2026-02-16,294.0,0.0,False,,
2026-02-17,294.0,0.0,False,,6843.22021484375
2026-02-18,286.0,0.0,False,,6881.31005859375
2026-02-19,288.0,0.0,False,,6861.89013671875
2026-02-20,286.0,0.0,False,,6909.509765625
2026-02-23,295.0,0.0,False,,6837.75
2026-02-24,297.0,0.0,False,,6890.06982421875
2026-02-25,294.0,0.0,False,,6946.1298828125
2026-02-26,298.0,0.0,False,,6908.85986328125
2026-02-27,310.0,1.0,False,5d:+24bps,6878.8798828125
2026-02-28,312.0,1.0,False,5d:+17bps,
2026-03-02,303.0,0.0,False,,6881.6201171875
2026-03-03,308.0,0.0,False,,6816.6298828125
2026-03-04,297.0,0.0,False,,6869.5
2026-03-05,300.0,0.0,False,,6830.7099609375
2026-03-06,313.0,0.0,False,,6740.02001953125
2026-03-09,319.0,1.0,False,5d:+16bps,6795.990234375
2026-03-10,306.0,0.0,False,,6781.47998046875
2026-03-11,309.0,0.0,False,,6775.7998046875
2026-03-12,317.0,1.0,False,5d:+17bps,6672.6201171875
2026-03-13,328.0,1.0,False,5d:+15bps,6632.18994140625
2026-03-16,327.0,0.0,False,,6699.3798828125
2026-03-17,322.0,1.0,False,5d:+16bps,6716.08984375
2026-03-18,320.0,0.0,False,,6624.7001953125
2026-03-19,327.0,2.0,True,"10d:+27bps, 20d:+41bps",6606.490234375
2026-03-20,324.0,0.0,False,,6506.47998046875
2026-03-23,319.0,0.0,False,,6581.0
2026-03-24,319.0,0.0,False,,6556.3701171875
2026-03-25,317.0,0.0,False,,6591.89990234375
2026-03-26,321.0,0.0,False,,6477.16015625
2026-03-27,342.0,1.0,False,5d:+18bps,6368.85009765625
2026-03-30,346.0,2.0,True,"5d:+27bps, 20d:+43bps",6343.72021484375
2026-03-31,328.0,0.0,False,,6528.52001953125
2026-04-01,316.0,0.0,False,,6575.31982421875
2026-04-02,317.0,0.0,False,,6582.68994140625
2026-04-03,313.0,0.0,False,,
2026-04-06,305.0,0.0,False,,6611.830078125
2026-04-07,312.0,0.0,False,,6616.85009765625
2026-04-08,294.0,0.0,False,,6782.81005859375
2026-04-09,290.0,0.0,False,,6824.66015625
2026-04-10,294.0,0.0,False,,6816.89013671875
2026-04-13,295.0,0.0,False,,6886.240234375
2026-04-14,284.0,0.0,False,,6967.3798828125
2026-04-15,285.0,0.0,False,,7022.9501953125
2026-04-16,286.0,0.0,False,,7041.27978515625
2026-04-17,283.0,0.0,False,,7126.06005859375
2026-04-20,287.0,0.0,False,,7109.14013671875
2026-04-21,285.0,0.0,False,,7064.009765625
2026-04-22,284.0,0.0,False,,7137.89990234375
2026-04-23,286.0,0.0,False,,7108.39990234375
2026-04-24,286.0,0.0,False,,7165.080078125
2026-04-27,284.0,0.0,False,,7173.91015625
2026-04-28,285.0,0.0,False,,7138.7998046875
2026-04-29,282.0,0.0,False,,7135.9501953125
2026-04-30,283.0,0.0,False,,7209.009765625
2026-05-01,277.0,0.0,False,,7230.1201171875
2026-05-04,278.0,0.0,False,,7200.75
2026-05-05,277.0,0.0,False,,7259.22021484375
2026-05-06,275.0,0.0,False,,7365.1201171875
2026-05-07,279.0,0.0,False,,7337.10986328125
2026-05-08,281.0,0.0,False,,7398.93017578125
2026-05-11,279.0,0.0,False,,7412.83984375
2026-05-12,282.0,0.0,False,,7400.9599609375
2026-05-13,282.0,0.0,False,,7444.25
2026-05-14,276.0,0.0,False,,7501.240234375
2026-05-15,280.0,0.0,False,,7408.5
2026-05-18,283.0,0.0,False,,7403.0498046875
2026-05-19,286.0,0.0,False,,7353.60986328125
2026-05-20,280.0,0.0,False,,7432.97021484375
2026-05-21,278.0,0.0,False,,7445.72021484375
2026-05-22,274.0,0.0,False,,7473.47021484375
2026-05-25,274.0,0.0,False,,
2026-05-26,272.0,0.0,False,,7519.1201171875
2026-05-27,271.0,0.0,False,,7520.35986328125
2026-05-28,272.0,0.0,False,,7563.6298828125
2026-05-29,272.0,0.0,False,,7580.06005859375
2026-05-31,274.0,0.0,False,,
2026-06-01,272.0,0.0,False,,7599.9599609375
2026-06-02,271.0,0.0,False,,7609.77978515625
2026-06-03,275.0,0.0,False,,7553.68017578125
2026-06-04,274.0,0.0,False,,7584.31005859375
2026-06-05,276.0,0.0,False,,7383.740234375
2026-06-08,275.0,0.0,False,,7405.72998046875
2026-06-09,278.0,0.0,False,,7386.64990234375
2026-06-10,280.0,0.0,False,,7266.990234375
2026-06-11,278.0,0.0,False,,7394.2998046875
2026-06-12,271.0,0.0,False,,7431.4599609375
2026-06-15,266.0,0.0,False,,7554.2900390625
2026-06-16,271.0,0.0,False,,7511.35009765625
2026-06-17,263.0,0.0,False,,7420.10009765625
2026-06-18,266.0,0.0,False,,7500.580078125
2026-06-19,266.0,0.0,False,,
2026-06-22,265.0,0.0,False,,7472.7900390625
2026-06-23,271.0,0.0,False,,7365.4599609375
2026-06-24,276.0,0.0,False,,7358.22021484375
2026-06-25,278.0,0.0,False,,7357.490234375
2026-06-26,283.0,1.0,False,5d:+17bps,7354.02001953125
2026-06-29,280.0,1.0,False,5d:+15bps,7440.43017578125
2026-06-30,275.0,0.0,False,,7499.35986328125
2026-07-01,274.0,0.0,False,,7483.22998046875
2026-07-02,275.0,0.0,False,,7483.240234375
2026-07-03,274.0,0.0,False,,
2026-07-06,272.0,0.0,False,,7537.43017578125
2026-07-07,267.0,0.0,False,,7503.85009765625
2026-07-08,270.0,0.0,False,,7482.7099609375
2026-07-09,270.0,0.0,False,,7543.64013671875
2026-07-10,,,,,7575.39013671875
